Category,Filename,URL,Resolution
Vintage Cameras,Vintage_Cameras_1.jpg,https://encrypted-tbn0.gstatic.com/images?q=tbn:ANd9GcR7NnIWejv96UoQQ0_9d1_58tAEEsVuL_JnUA&s,274x184
Vintage Cameras,Vintage_Cameras_2.jpg,https://encrypted-tbn0.gstatic.com/images?q=tbn:ANd9GcTvxO_C3dG0FixLRrCqHCl4gVbIF0eh_eafPw&s,183x275
Vintage Cameras,Vintage_Cameras_3.jpg,https://encrypted-tbn0.gstatic.com/images?q=tbn:ANd9GcSxJG1DqtqxZsrSHTAMLYv0jFN3Bzvr96VcXg&s,180x180
Vintage Cameras,Vintage_Cameras_4.jpg,https://encrypted-tbn0.gstatic.com/images?q=tbn:ANd9GcSOxXil8jcquat-Yn6OcaxWGIqpHcMpos8Tcw&s,275x183
Vintage Cameras,Vintage_Cameras_5.jpg,https://encrypted-tbn0.gstatic.com/images?q=tbn:ANd9GcQhIpkq8jcwk3j2doF359loOmRFGmQ1WZVE-g&s,263x192
Vintage Cameras,Vintage_Cameras_6.jpg,https://encrypted-tbn0.gstatic.com/images?q=tbn:ANd9GcSgAYo3IEImHlICJKDYETCaAEyaWyp0OXSG_GjfwUDemCBrZT_Z3R-tsenm&s,65x46
Vintage Cameras,Vintage_Cameras_7.jpg,https://encrypted-tbn0.gstatic.com/images?q=tbn:ANd9GcTc4M7utx9gkNcCKmerVh-8o6-sAL2KNhYZrA&s,259x194
Vintage Cameras,Vintage_Cameras_8.jpg,https://encrypted-tbn0.gstatic.com/images?q=tbn:ANd9GcQJxAonVkcz8-SslIIGUiNV-7T0hlN2y-bKhQ&s,299x169
Vintage Cameras,Vintage_Cameras_9.jpg,https://encrypted-tbn0.gstatic.com/images?q=tbn:ANd9GcRlTPQADTphnn_Y7tjxjstzwfYvKkhAYqrKZD8uFSNL6d4XA1oGdh9X&s=0,50x50
Vintage Cameras,Vintage_Cameras_10.jpg,https://encrypted-tbn0.gstatic.com/images?q=tbn:ANd9GcSeH5oEWd5LKtsoEW06F7zfsKVJF6sgje93JA&s,276x183
Vintage Cameras,Vintage_Cameras_11.jpg,https://encrypted-tbn0.gstatic.com/images?q=tbn:ANd9GcRfAtL5UX6O2XXF5k49x0Dszg536O0tNS0HHCnDLpZY4V2IfkRvOnXFovxm&s,69x46
Vintage Cameras,Vintage_Cameras_12.jpg,https://encrypted-tbn0.gstatic.com/images?q=tbn:ANd9GcQdCinGH7C0uKdKh76FF3lA5luPIdTUh1ueYQ&s,239x211
Vintage Cameras,Vintage_Cameras_13.jpg,https://encrypted-tbn0.gstatic.com/images?q=tbn:ANd9GcQzc26vq6jFODNlYVqOb3vsVXVTjTzvE_Fqaw&s,167x301
Vintage Cameras,Vintage_Cameras_14.jpg,https://encrypted-tbn0.gstatic.com/images?q=tbn:ANd9GcRpSgOoH5gDp3KPewwOpCfwIB-6nI0aFI-t9Q&s,272x185
Vintage Cameras,Vintage_Cameras_15.jpg,https://encrypted-tbn0.gstatic.com/images?q=tbn:ANd9GcRvGeYAvHX-ensNeqK9R_vC6pPI9mdrr_Vj7A&s,275x183
Vintage Cameras,Vintage_Cameras_17.jpg,https://encrypted-tbn0.gstatic.com/images?q=tbn:ANd9GcQF9JnZ0HO2EQXu_9XdY6OmHV7ia4E7_YlKIw&s,259x194
Vintage Cameras,Vintage_Cameras_18.jpg,https://encrypted-tbn0.gstatic.com/images?q=tbn:ANd9GcTkSC3YNr4qo_ANaZrBcM644TEa44cvK2Q_90pZQ0ita2tRfdJRxa97UIuV&s,69x46
Vintage Cameras,Vintage_Cameras_19.jpg,https://encrypted-tbn0.gstatic.com/images?q=tbn:ANd9GcQdJWSQbPlFNK--jSIUeOuyhwCOZEteZHsBqw&s,273x184
Vintage Cameras,Vintage_Cameras_20.jpg,https://encrypted-tbn0.gstatic.com/images?q=tbn:ANd9GcSDrkaY0WVUyMRL6hsSELOrmYcVOf0-cc_5yg&s,323x156
Vintage Cameras,Vintage_Cameras_21.jpg,https://encrypted-tbn0.gstatic.com/images?q=tbn:ANd9GcTctBoLf--oenywhRAH8_Av8Vo6ahmkV7zQUcs73_48&s=0,50x50
Vintage Cameras,Vintage_Cameras_22.jpg,https://encrypted-tbn0.gstatic.com/images?q=tbn:ANd9GcTNddQY7DFLGZvvg_KEHyPWtsxGNfxc1LBDgQ&s,194x259
Vintage Cameras,Vintage_Cameras_23.jpg,https://encrypted-tbn0.gstatic.com/images?q=tbn:ANd9GcTeKBDAtfvjKQg6Li7GEKa16MBRsiUhJSDtkw&s,275x183
Vintage Cameras,Vintage_Cameras_24.jpg,https://encrypted-tbn0.gstatic.com/images?q=tbn:ANd9GcRPON0_jxp6IqhSd06WYUiMx6xwD_ZgNyuwUw&s,225x225
Vintage Cameras,Vintage_Cameras_25.jpg,https://encrypted-tbn0.gstatic.com/images?q=tbn:ANd9GcTMx3mafnq0dqXYst8jtSp39s3j89vv8SbtLw&s,217x232
Vintage Cameras,Vintage_Cameras_26.jpg,https://encrypted-tbn0.gstatic.com/images?q=tbn:ANd9GcRoMv7x18RU9uCFLtY-1T3nuuGVyO_00XYkfg&s,225x225
Vintage Cameras,Vintage_Cameras_27.jpg,https://encrypted-tbn0.gstatic.com/images?q=tbn:ANd9GcSV_s9qIaEdeg9ozndQC5jiZCt_hpVBqFgUMg&s,259x194
Vintage Cameras,Vintage_Cameras_28.jpg,"https://encrypted-tbn3.gstatic.com/faviconV2?url=https://www.dreamstime.com&client=IMAGE_SEARCH&size=16&type=FAVICON&fallback_opts=TYPE,SIZE,URL",16x16
Vintage Cameras,Vintage_Cameras_29.jpg,https://encrypted-tbn0.gstatic.com/images?q=tbn:ANd9GcSxqmnyJhPVBwz-OcjOKJ8tS0Xw42K8-0ocnjCYLN0M7jkfVRByD99C&s=0,50x50
Vintage Cameras,Vintage_Cameras_30.jpg,https://encrypted-tbn0.gstatic.com/images?q=tbn:ANd9GcRNupyixBuQWNP_6MZ4lPPUN44h5IBqWw7v5g&s,225x225
Vintage Cameras,Vintage_Cameras_31.jpg,https://encrypted-tbn0.gstatic.com/images?q=tbn:ANd9GcS8vXuK85QHtd2sLI_EuIelWaRPMUQLLx3gkg&s,255x197
Vintage Cameras,Vintage_Cameras_32.jpg,https://encrypted-tbn0.gstatic.com/images?q=tbn:ANd9GcRFKJ1OBhRrbPu6Kkm8NDzDpegtPjFvz3CIKA&s,194x259
Vintage Cameras,Vintage_Cameras_33.jpg,"https://encrypted-tbn1.gstatic.com/faviconV2?url=https://www.scmp.com&client=IMAGE_SEARCH&size=16&type=FAVICON&fallback_opts=TYPE,SIZE,URL",16x16
Vintage Cameras,Vintage_Cameras_34.jpg,https://encrypted-tbn0.gstatic.com/images?q=tbn:ANd9GcShuaN-Tu8YptFj_uCTuUZUEG93jZvzCp4TU5D27leIoNZlYZZ_D3T0ikdp&s,65x46
Vintage Cameras,Vintage_Cameras_35.jpg,https://encrypted-tbn0.gstatic.com/images?q=tbn:ANd9GcSGPSrBhjhtTnaAkaUQRDAMxbh-WvJB5jlEkg&s,202x250
Vintage Cameras,Vintage_Cameras_36.jpg,https://encrypted-tbn0.gstatic.com/images?q=tbn:ANd9GcSjeDiKpcjN12_sn4UpZCIxtnvGlzuRr_e5tQ&s,201x251
Vintage Cameras,Vintage_Cameras_37.jpg,https://encrypted-tbn0.gstatic.com/images?q=tbn:ANd9GcQQUhlQDsbG9yVR-EhouaPl3E4btSgLiZ7cfjh-wn59mrScwJI4v6iftmgU&s,46x46
Vintage Cameras,Vintage_Cameras_38.jpg,https://encrypted-tbn0.gstatic.com/images?q=tbn:ANd9GcQS51BG_gQiuh8IJHlNzIiCXUMuLGoXJ7t-CwK9eUUrHskSN_0bXgdQzc94&s,46x46
Vintage Cameras,Vintage_Cameras_39.jpg,https://encrypted-tbn0.gstatic.com/images?q=tbn:ANd9GcQdRKONoTBRPuFxk-5s01Gwmlg58rbCozhF3eKX6YQwn-pdbE6KLF_t&s=0,50x50
Vintage Cameras,Vintage_Cameras_40.jpg,https://encrypted-tbn0.gstatic.com/images?q=tbn:ANd9GcTjiqSpPWTvSqmxDcqXhuUuU8FG1X6k7h7Lew&s,275x183
Vintage Cameras,Vintage_Cameras_41.jpg,https://encrypted-tbn0.gstatic.com/images?q=tbn:ANd9GcSMPNFTDW3GNvk1xzVK0YLek-h43bAyC5V6qQ&s,213x236
Vintage Cameras,Vintage_Cameras_42.jpg,https://encrypted-tbn0.gstatic.com/images?q=tbn:ANd9GcS0aYNJAF2Rmr05p2W8UrVjembGCacvOH492Q&s,279x181
Vintage Cameras,Vintage_Cameras_43.jpg,"https://encrypted-tbn1.gstatic.com/faviconV2?url=https://www.wilkinsons-auctioneers.co.uk&client=IMAGE_SEARCH&size=16&type=FAVICON&fallback_opts=TYPE,SIZE,URL",16x16
Vintage Cameras,Vintage_Cameras_44.jpg,https://encrypted-tbn0.gstatic.com/images?q=tbn:ANd9GcTRZigCPbKiA7Pd924AtAXoHOEa1xqDwB14Cw&s,275x183
Vintage Cameras,Vintage_Cameras_45.jpg,https://encrypted-tbn0.gstatic.com/images?q=tbn:ANd9GcSr7g_CxDNdpmneyJydEszljwNJlQi4mm98wg&s,275x183
Vintage Cameras,Vintage_Cameras_46.jpg,https://encrypted-tbn0.gstatic.com/images?q=tbn:ANd9GcS8KWqWulLZ_KO_50ovAzVUPdRQDd7svaHX-Q&s,194x259
Vintage Cameras,Vintage_Cameras_47.jpg,https://encrypted-tbn0.gstatic.com/images?q=tbn:ANd9GcQlORAzXGktNSwvp4Jk9HOXE1kmXcE7jlSiDQ&s,225x225
Vintage Cameras,Vintage_Cameras_48.jpg,https://encrypted-tbn0.gstatic.com/images?q=tbn:ANd9GcRmtBLZpuRGafaZvkXI0MMkP9uJR9fE-QvHMQ&s,178x283
Vintage Cameras,Vintage_Cameras_49.jpg,"https://encrypted-tbn2.gstatic.com/faviconV2?url=https://www.wired.com&client=IMAGE_SEARCH&size=16&type=FAVICON&fallback_opts=TYPE,SIZE,URL",16x16
Vintage Cameras,Vintage_Cameras_50.jpg,https://encrypted-tbn0.gstatic.com/images?q=tbn:ANd9GcTZH4Y9EwSbABacB5YG8of45vB0ya7JQ642XQ&s,277x182
Underwater Coral Reefs,Underwater_Coral_Reefs_1.jpg,https://encrypted-tbn0.gstatic.com/images?q=tbn:ANd9GcSTZzpkFUGcDyuJC2KojEowKVHbUeuFZWe15Q&s,225x225
Underwater Coral Reefs,Underwater_Coral_Reefs_2.jpg,https://encrypted-tbn0.gstatic.com/images?q=tbn:ANd9GcRnXPJGI71k8Y4oNg7f2q6c8YxznxKppZNDLQ&s,300x168
Underwater Coral Reefs,Underwater_Coral_Reefs_3.jpg,https://encrypted-tbn0.gstatic.com/images?q=tbn:ANd9GcRzpMA4Kw3NBMYM7To9nzgTU1EMh4ZaQBOW5g&s,221x228
Underwater Coral Reefs,Underwater_Coral_Reefs_4.jpg,https://encrypted-tbn0.gstatic.com/images?q=tbn:ANd9GcSIUGzX4camJMcoM16y0a6a6ue1pO_GkPwYiAIy-if1YrzvjqSOBTuBin9e&s,80x46
Underwater Coral Reefs,Underwater_Coral_Reefs_5.jpg,https://encrypted-tbn0.gstatic.com/images?q=tbn:ANd9GcRV4YNUMhkrzg8-gO8R8PoaKUrtQT0YBY06LA&s,300x168
Underwater Coral Reefs,Underwater_Coral_Reefs_6.jpg,https://encrypted-tbn0.gstatic.com/images?q=tbn:ANd9GcRSJrYEJ5hY1wWGkB_YqzltclZwrrNOk4-Av-KsXj-hLq07CbFKy1696_DP&s,46x64
Underwater Coral Reefs,Underwater_Coral_Reefs_7.jpg,https://encrypted-tbn0.gstatic.com/images?q=tbn:ANd9GcTLMpFy8ZUwx3XDWeI4IqdHkAp_fuF4yzW2rw&s,259x194
Underwater Coral Reefs,Underwater_Coral_Reefs_8.jpg,https://encrypted-tbn0.gstatic.com/images?q=tbn:ANd9GcRrihLl8Gv-pXNRNC7Y24VryDh8z0m2nzG4EPdNKUOlXmJ-hhAuHpIM&s=0,50x50
Underwater Coral Reefs,Underwater_Coral_Reefs_9.jpg,https://encrypted-tbn0.gstatic.com/images?q=tbn:ANd9GcQxjl1F7N-1XKu0O0EK4febMw5zo499eHTzdQ&s,275x183
Underwater Coral Reefs,Underwater_Coral_Reefs_10.jpg,https://encrypted-tbn0.gstatic.com/images?q=tbn:ANd9GcQpZN4Uu7azEvoCdu2y8COdAqCS9yT0P2jf144_eL9LXp920ErYAnXh9_7t&s,46x46
Underwater Coral Reefs,Underwater_Coral_Reefs_11.jpg,"https://encrypted-tbn2.gstatic.com/faviconV2?url=https://www.nationalgeographic.com&client=IMAGE_SEARCH&size=16&type=FAVICON&fallback_opts=TYPE,SIZE,URL",16x16
Underwater Coral Reefs,Underwater_Coral_Reefs_12.jpg,https://encrypted-tbn0.gstatic.com/images?q=tbn:ANd9GcT3gD4iK9q2egFkDFepQZTjbY6XvypFp9_3xw&s,275x183
Underwater Coral Reefs,Underwater_Coral_Reefs_13.jpg,https://encrypted-tbn0.gstatic.com/images?q=tbn:ANd9GcQnrhcqXjG88yi0eRn1y_s5dN533ZKln8Ws6A&s,259x194
Underwater Coral Reefs,Underwater_Coral_Reefs_14.jpg,"https://encrypted-tbn1.gstatic.com/faviconV2?url=https://www.nature.org&client=IMAGE_SEARCH&size=16&type=FAVICON&fallback_opts=TYPE,SIZE,URL",16x16
Underwater Coral Reefs,Underwater_Coral_Reefs_15.jpg,https://encrypted-tbn0.gstatic.com/images?q=tbn:ANd9GcSMQ32YhjvzQixkAgOXsN9sdMku4h7625ofWA&s,275x183
Underwater Coral Reefs,Underwater_Coral_Reefs_16.jpg,"https://encrypted-tbn2.gstatic.com/faviconV2?url=https://www.canadiannaturephotographer.com&client=IMAGE_SEARCH&size=16&type=FAVICON&fallback_opts=TYPE,SIZE,URL",16x16
Underwater Coral Reefs,Underwater_Coral_Reefs_17.jpg,https://encrypted-tbn0.gstatic.com/images?q=tbn:ANd9GcT23CGD5Figo_xC7CTd05CpAVa2Viq9nbrZ6g&s,275x183
Underwater Coral Reefs,Underwater_Coral_Reefs_18.jpg,https://encrypted-tbn0.gstatic.com/images?q=tbn:ANd9GcTHwqvl8EYZTWhyqCRNk9QlRvr-Cl_HL_nUsQ&s,310x163
Underwater Coral Reefs,Underwater_Coral_Reefs_19.jpg,https://encrypted-tbn0.gstatic.com/images?q=tbn:ANd9GcSMSQq_fhPUJS4HYaeULnzHFRVAIJxtKWBRzw&s,266x189
Underwater Coral Reefs,Underwater_Coral_Reefs_21.jpg,https://encrypted-tbn0.gstatic.com/images?q=tbn:ANd9GcTpLllcEh3WSEAVWkdFjtnCR5PxaBK-4ODwZw&s,259x194
Underwater Coral Reefs,Underwater_Coral_Reefs_22.jpg,https://encrypted-tbn0.gstatic.com/images?q=tbn:ANd9GcTTkBVpk0tm9bWeq0qHshXhI-vDkB6inzChmg&s,270x186
Underwater Coral Reefs,Underwater_Coral_Reefs_23.jpg,https://encrypted-tbn0.gstatic.com/images?q=tbn:ANd9GcTgvA7nynuW1FBgLygUZf5_dNaM03Ym74y0a8UjhQ_ANMKlOrM7jbfn&s=0,50x50
Underwater Coral Reefs,Underwater_Coral_Reefs_24.jpg,https://encrypted-tbn0.gstatic.com/images?q=tbn:ANd9GcRqHK0FpnSI94xOHCxJ9VCr8xt4eu5apjEYZg&s,275x183
Underwater Coral Reefs,Underwater_Coral_Reefs_25.jpg,https://encrypted-tbn0.gstatic.com/images?q=tbn:ANd9GcSJYXvMNxk4hR4nigfBzE2c8rGfw16EQG25Pg&s,299x168
Underwater Coral Reefs,Underwater_Coral_Reefs_26.jpg,https://encrypted-tbn0.gstatic.com/images?q=tbn:ANd9GcT5MrwOC6qXcG2zl-oshDqSEIEbP4s5XP5UPQ&s,266x190
Underwater Coral Reefs,Underwater_Coral_Reefs_27.jpg,https://encrypted-tbn0.gstatic.com/images?q=tbn:ANd9GcQnhenHOxCWZn7cT9k8AGijT-EA-xpzifFkig&s,275x183
Underwater Coral Reefs,Underwater_Coral_Reefs_28.jpg,https://encrypted-tbn0.gstatic.com/images?q=tbn:ANd9GcScIjy_Fnrj9S5OUK6Fl1iDkw-TsQ5aMsuJGQ&s,274x184
Underwater Coral Reefs,Underwater_Coral_Reefs_29.jpg,https://encrypted-tbn0.gstatic.com/images?q=tbn:ANd9GcTnWqBCU3pVl_Tj2Ydj2ezSr7x8LKwG6Z-Oxg&s,308x164
Underwater Coral Reefs,Underwater_Coral_Reefs_30.jpg,https://encrypted-tbn0.gstatic.com/images?q=tbn:ANd9GcT1qICHdVbHKAPRTw4Da08gx63du9EDKRO_WA&s,275x183
Underwater Coral Reefs,Underwater_Coral_Reefs_31.jpg,https://encrypted-tbn0.gstatic.com/images?q=tbn:ANd9GcQqr-wEoq52WvG9vFuiyNG3Yfegn3pNV93iaArEX-w3hZn_8Z5BiMLbzsZu&s,59x46
Underwater Coral Reefs,Underwater_Coral_Reefs_32.jpg,"https://encrypted-tbn3.gstatic.com/faviconV2?url=https://www.visitsealife.com&client=IMAGE_SEARCH&size=16&type=FAVICON&fallback_opts=TYPE,SIZE,URL",16x16
Underwater Coral Reefs,Underwater_Coral_Reefs_33.jpg,https://encrypted-tbn0.gstatic.com/images?q=tbn:ANd9GcQV43d4xO2x9zP-HKiHJYuoB-VtxOglaOtSKw&s,259x194
Underwater Coral Reefs,Underwater_Coral_Reefs_34.jpg,https://encrypted-tbn0.gstatic.com/images?q=tbn:ANd9GcTI7O7jCGp_d0GMl_SFlCGQ7aT-KtCpsyxzftyL3RbhZU5k-8YIO0fy&s=0,50x50
Underwater Coral Reefs,Underwater_Coral_Reefs_35.jpg,"https://encrypted-tbn2.gstatic.com/faviconV2?url=https://www.bluewaterdivetravel.com&client=IMAGE_SEARCH&size=16&type=FAVICON&fallback_opts=TYPE,SIZE,URL",16x16
Underwater Coral Reefs,Underwater_Coral_Reefs_36.jpg,https://encrypted-tbn0.gstatic.com/images?q=tbn:ANd9GcQ5McYc4eTIQBbQOa6xLF4gVwmAWPoymfL27A&s,284x177
Underwater Coral Reefs,Underwater_Coral_Reefs_37.jpg,https://encrypted-tbn0.gstatic.com/images?q=tbn:ANd9GcQ8nsIARCM9vJEV16FK1DtXMN2H6Y-RHiUfpQ&s,431x117
Underwater Coral Reefs,Underwater_Coral_Reefs_38.jpg,"https://encrypted-tbn2.gstatic.com/faviconV2?url=https://coral.org&client=IMAGE_SEARCH&size=16&type=FAVICON&fallback_opts=TYPE,SIZE,URL",16x16
Underwater Coral Reefs,Underwater_Coral_Reefs_39.jpg,https://encrypted-tbn0.gstatic.com/images?q=tbn:ANd9GcT9sfbYtFMVCoHZaFW9PPlxB2Nl8lW51H6H3ANMlqiOgzWVOFsD34dcXfTR&s,69x46
Underwater Coral Reefs,Underwater_Coral_Reefs_40.jpg,https://encrypted-tbn0.gstatic.com/images?q=tbn:ANd9GcQ1CoeaMV5yigQtNPIGlrKZpdkCYj_JxZU98g&s,275x183
Underwater Coral Reefs,Underwater_Coral_Reefs_41.jpg,https://encrypted-tbn0.gstatic.com/images?q=tbn:ANd9GcQtPpP9qb47o4kAcYNQTZ9iS4PDBUk5hEoSCQ&s,275x183
Underwater Coral Reefs,Underwater_Coral_Reefs_42.jpg,https://encrypted-tbn0.gstatic.com/images?q=tbn:ANd9GcQiBkZOykJlBIy5ndjnSydwO7hASYvgm9Gptg&s,300x168
Underwater Coral Reefs,Underwater_Coral_Reefs_43.jpg,https://encrypted-tbn0.gstatic.com/images?q=tbn:ANd9GcQVg5WQ5tbKENj6teIldbrfZ5bW7fDjb0MvcA&s,389x129
Underwater Coral Reefs,Underwater_Coral_Reefs_44.jpg,"https://encrypted-tbn0.gstatic.com/faviconV2?url=https://www.vecteezy.com&client=IMAGE_SEARCH&size=16&type=FAVICON&fallback_opts=TYPE,SIZE,URL",16x16
Underwater Coral Reefs,Underwater_Coral_Reefs_45.jpg,https://encrypted-tbn0.gstatic.com/images?q=tbn:ANd9GcRExsBqPu0welojUcXho0PiY_ZRZP4-ZuAGPg&s,303x166
Underwater Coral Reefs,Underwater_Coral_Reefs_46.jpg,"https://encrypted-tbn1.gstatic.com/faviconV2?url=https://dosits.org&client=IMAGE_SEARCH&size=16&type=FAVICON&fallback_opts=TYPE,SIZE,URL",16x16
Underwater Coral Reefs,Underwater_Coral_Reefs_47.jpg,"https://encrypted-tbn1.gstatic.com/faviconV2?url=https://www.shutterstock.com&client=IMAGE_SEARCH&size=16&type=FAVICON&fallback_opts=TYPE,SIZE,URL",16x16
Underwater Coral Reefs,Underwater_Coral_Reefs_48.jpg,https://encrypted-tbn0.gstatic.com/images?q=tbn:ANd9GcQ2DlIP_27OcuudOtzOqEzQ8qIWuHh4tHXLR2ovOBb4gfGotFHxe4eYirKc&s,69x46
Underwater Coral Reefs,Underwater_Coral_Reefs_49.jpg,https://encrypted-tbn0.gstatic.com/images?q=tbn:ANd9GcTs5l8eb_vCXRcN-K2u_rSsOd9TAA-Ci9KXdg&s,271x186
Underwater Coral Reefs,Underwater_Coral_Reefs_50.jpg,"https://encrypted-tbn2.gstatic.com/faviconV2?url=https://regeneration.org&client=IMAGE_SEARCH&size=16&type=FAVICON&fallback_opts=TYPE,SIZE,URL",16x16
Street Art Murals,Street_Art_Murals_1.jpg,https://encrypted-tbn0.gstatic.com/images?q=tbn:ANd9GcSN-DFeb6ZVhk_Rd6tGOUZ6Tuf-bZbMwEZqUg&s,300x168
Street Art Murals,Street_Art_Murals_2.jpg,https://encrypted-tbn0.gstatic.com/images?q=tbn:ANd9GcSW-9TKoQn7OLIefWFnSt5yZkPnlIFuWm8B3A&s,275x183
Street Art Murals,Street_Art_Murals_3.jpg,https://encrypted-tbn0.gstatic.com/images?q=tbn:ANd9GcSxA9-ElyOvpbiiVBmX38JJeBLTAcY6xyVIzA&s,262x192
Street Art Murals,Street_Art_Murals_4.jpg,https://encrypted-tbn0.gstatic.com/images?q=tbn:ANd9GcRW1tIqUBWK6NgjjzJ2zEoj8oggBMcjlhA-Jw&s,299x168
Street Art Murals,Street_Art_Murals_5.jpg,https://encrypted-tbn0.gstatic.com/images?q=tbn:ANd9GcS-GqD7G6I9sDnYwX-jlPSfaNaH4K857wGmFg&s,259x194
Street Art Murals,Street_Art_Murals_6.jpg,https://encrypted-tbn0.gstatic.com/images?q=tbn:ANd9GcRiIuP6CYWX9fCPO7kZqJjZV0-uWUjHFWjIuw&s,355x142
Street Art Murals,Street_Art_Murals_7.jpg,https://encrypted-tbn0.gstatic.com/images?q=tbn:ANd9GcSQFPGlodp-TXTsdezdMOC3qaANxEgcOw5zyg&s,275x183
Street Art Murals,Street_Art_Murals_8.jpg,https://encrypted-tbn0.gstatic.com/images?q=tbn:ANd9GcRuWdGpn0XTSf-GVHpcXiMWlwBhg81fqiWJFg&s,276x183
Street Art Murals,Street_Art_Murals_9.jpg,"https://encrypted-tbn2.gstatic.com/faviconV2?url=https://www.reddit.com&client=IMAGE_SEARCH&size=16&type=FAVICON&fallback_opts=TYPE,SIZE,URL",16x16
Street Art Murals,Street_Art_Murals_10.jpg,https://encrypted-tbn0.gstatic.com/images?q=tbn:ANd9GcQpTpinsFWXMSulG2LwWDHVBx_5_L-iqO3WKw&s,259x194
Street Art Murals,Street_Art_Murals_11.jpg,https://encrypted-tbn0.gstatic.com/images?q=tbn:ANd9GcRLnrahvPMVkGO2-QjqfDHBkeS23nx0rTpVAfVZMka8fN1QSUpu28wkDlCK&s,61x46
Street Art Murals,Street_Art_Murals_12.jpg,https://encrypted-tbn0.gstatic.com/images?q=tbn:ANd9GcQtTSOlDX3803T2tCAP6v_EnJnEfIGML1XU-w&s,300x168
Street Art Murals,Street_Art_Murals_13.jpg,https://encrypted-tbn0.gstatic.com/images?q=tbn:ANd9GcQam8OAj9ZmwwWcG1KihIMknNvEG8SWhSgVgw&s,259x194
Street Art Murals,Street_Art_Murals_14.jpg,https://encrypted-tbn0.gstatic.com/images?q=tbn:ANd9GcQNxLxZ_VWcYZjnZY9UZWlGYy-NdpcQnkkWUw1AAIKyfWlNJZG7UFrN&s=0,50x50
Street Art Murals,Street_Art_Murals_15.jpg,https://encrypted-tbn0.gstatic.com/images?q=tbn:ANd9GcT9jyfGp9WM9mQml3qB6Inht1lzTDZYqoy7wA&s,227x222
Street Art Murals,Street_Art_Murals_16.jpg,https://encrypted-tbn0.gstatic.com/images?q=tbn:ANd9GcTt44Wfmx1s3FrAesrFLtZMSj6GyykHwp-VPXPI_pGFJwPVtfbL03F7VpNL&s,46x61
Street Art Murals,Street_Art_Murals_18.jpg,https://encrypted-tbn0.gstatic.com/images?q=tbn:ANd9GcTrd6OgQA5TpUExnt-zZ5CV5zd-ZCqF5yBVPA&s,275x183
Street Art Murals,Street_Art_Murals_19.jpg,https://encrypted-tbn0.gstatic.com/images?q=tbn:ANd9GcSp18Tk8YcJaHuGmLZYrjAzRxFi2LpO9SurbQ&s,201x251
Street Art Murals,Street_Art_Murals_20.jpg,https://encrypted-tbn0.gstatic.com/images?q=tbn:ANd9GcSfq-arpdfX2wiLEXtCQPfpKMBBLEHonySVzA&s,259x194
Street Art Murals,Street_Art_Murals_21.jpg,https://encrypted-tbn0.gstatic.com/images?q=tbn:ANd9GcT5f4MsjP76hH9VlzXtr92bDQY64L59pRUPqQ&s,251x201
Street Art Murals,Street_Art_Murals_22.jpg,https://encrypted-tbn0.gstatic.com/images?q=tbn:ANd9GcROxdaWVuZYpwmJi-AoIbcMxAOoAwt86zkbEhftu6c7uHYWplrxh13zRwa7&s,62x46
Street Art Murals,Street_Art_Murals_23.jpg,https://encrypted-tbn0.gstatic.com/images?q=tbn:ANd9GcTdhGNvJ309sScGsw62brm_VkyvWYdw7IK3cA&s,275x183
Street Art Murals,Street_Art_Murals_24.jpg,https://encrypted-tbn0.gstatic.com/images?q=tbn:ANd9GcSyBebZfcubOGmRjlBQNMRjWE0XgZgPmTI0GQ&s,259x194
Street Art Murals,Street_Art_Murals_25.jpg,https://encrypted-tbn0.gstatic.com/images?q=tbn:ANd9GcSijaCR8PcG5cBpXhiQfFOURfts7CX4AMe1Eg&s,275x183
Street Art Murals,Street_Art_Murals_26.jpg,https://encrypted-tbn0.gstatic.com/images?q=tbn:ANd9GcTz8yA61RxQq7-A2Kf-55NbpQ0OJgGD_lhubZfLBziQL733Sz8W0wW3Gi8R&s,57x46
Street Art Murals,Street_Art_Murals_27.jpg,https://encrypted-tbn0.gstatic.com/images?q=tbn:ANd9GcSdQYlRfhKWwGuhXm0Qz9xmXQ8YCE8tT7vgUA&s,300x168
Street Art Murals,Street_Art_Murals_28.jpg,"https://encrypted-tbn1.gstatic.com/faviconV2?url=https://travelationship.com&client=IMAGE_SEARCH&size=16&type=FAVICON&fallback_opts=TYPE,SIZE,URL",16x16
Street Art Murals,Street_Art_Murals_29.jpg,"https://encrypted-tbn2.gstatic.com/faviconV2?url=https://stayopen.com&client=IMAGE_SEARCH&size=16&type=FAVICON&fallback_opts=TYPE,SIZE,URL",16x16
Street Art Murals,Street_Art_Murals_30.jpg,https://encrypted-tbn0.gstatic.com/images?q=tbn:ANd9GcQUc88Rc43wRTCZM5lGNF6ru1iS9njBD14rMYdTV_uv3gmgmk-qyP5iSBQU&s,61x46
Street Art Murals,Street_Art_Murals_31.jpg,https://encrypted-tbn0.gstatic.com/images?q=tbn:ANd9GcSxdgH1sK8jrvTaWnJljkjByyt6Y837KPiOlwwLid4HlaepeJ-tE_DD&s=0,50x50
Street Art Murals,Street_Art_Murals_32.jpg,https://encrypted-tbn0.gstatic.com/images?q=tbn:ANd9GcQMndx5z5zN9RpFzJpY64a29TMmcXt1BXXycw&s,275x183
Street Art Murals,Street_Art_Murals_33.jpg,https://encrypted-tbn0.gstatic.com/images?q=tbn:ANd9GcSnRmwnpLrBAIiEYGeY1oOFhZLnPoWyXzUZMSl3FF8ONOInZFjmuyRT&s=0,50x50
Street Art Murals,Street_Art_Murals_34.jpg,https://encrypted-tbn0.gstatic.com/images?q=tbn:ANd9GcSn1Bs7QQf6xMHXs-uf4PmNxSl2fSIbrwUqkw&s,259x194
Street Art Murals,Street_Art_Murals_35.jpg,https://encrypted-tbn0.gstatic.com/images?q=tbn:ANd9GcSz47dtLVWOH2Kz5_2urXBGV1Z8ps5HcjwsVw&s,198x255
Street Art Murals,Street_Art_Murals_36.jpg,"https://encrypted-tbn2.gstatic.com/faviconV2?url=https://washington.org&client=IMAGE_SEARCH&size=16&type=FAVICON&fallback_opts=TYPE,SIZE,URL",16x16
Street Art Murals,Street_Art_Murals_37.jpg,https://encrypted-tbn0.gstatic.com/images?q=tbn:ANd9GcQhzBurLKX22qT-LffraxPKQGLRcbFH8pWZ3Q&s,277x182
Street Art Murals,Street_Art_Murals_38.jpg,"https://encrypted-tbn0.gstatic.com/faviconV2?url=https://www.decadeonrestoration.org&client=IMAGE_SEARCH&size=16&type=FAVICON&fallback_opts=TYPE,SIZE,URL",16x16
Street Art Murals,Street_Art_Murals_39.jpg,https://encrypted-tbn0.gstatic.com/images?q=tbn:ANd9GcTmtRou85eeqlwBYhcWZSUC4Whl3h6XCGu_sg&s,275x183
Street Art Murals,Street_Art_Murals_40.jpg,"https://encrypted-tbn0.gstatic.com/faviconV2?url=https://thehkhub.com&client=IMAGE_SEARCH&size=16&type=FAVICON&fallback_opts=TYPE,SIZE,URL",16x16
Street Art Murals,Street_Art_Murals_41.jpg,https://encrypted-tbn0.gstatic.com/images?q=tbn:ANd9GcQ0CMKZ08HUWMZRBX1snR4hzcJGXkSkrBu_qg&s,275x183
Street Art Murals,Street_Art_Murals_42.jpg,https://encrypted-tbn0.gstatic.com/images?q=tbn:ANd9GcRcVNPF5ONq1eumiSAw95k3c7-smEG-Rr6aGg&s,259x194
Street Art Murals,Street_Art_Murals_43.jpg,https://encrypted-tbn0.gstatic.com/images?q=tbn:ANd9GcRDj7nLPGV7g9CEGjEthoCZ5SqXpbMObrDHvw&s,259x194
Street Art Murals,Street_Art_Murals_44.jpg,https://encrypted-tbn0.gstatic.com/images?q=tbn:ANd9GcSDbxIvJxbK4Rvf6Jba_6vS-c7VnLDH5x0yGEECwSGt0p9hWJHZxZSZpcjo&s,82x46
Street Art Murals,Street_Art_Murals_45.jpg,https://encrypted-tbn0.gstatic.com/images?q=tbn:ANd9GcQjKQH7zmUtHG-fmE9NV7Oqr1g16IWzmxuR52Zs10ugrCiZHBhfU3irDfA2&s,46x46
Street Art Murals,Street_Art_Murals_46.jpg,https://encrypted-tbn0.gstatic.com/images?q=tbn:ANd9GcRa3jos03UqSPXYKq7OCjWyXsHEBg501BIgnQ&s,275x183
Street Art Murals,Street_Art_Murals_47.jpg,https://encrypted-tbn0.gstatic.com/images?q=tbn:ANd9GcQB0bzmf0o8aJAb9YPoZLxjKFbMoU_X_Ev32Q&s,290x174
Street Art Murals,Street_Art_Murals_48.jpg,https://encrypted-tbn0.gstatic.com/images?q=tbn:ANd9GcTJTtusUSccj6I2KFD7Sslc2RAu0j2qfmZTbg&s,251x201
Street Art Murals,Street_Art_Murals_49.jpg,https://encrypted-tbn0.gstatic.com/images?q=tbn:ANd9GcSSEf_9xoEhwDfWG99NagN9B_44BJUM8ZRzEw&s,239x211
Street Art Murals,Street_Art_Murals_50.jpg,https://encrypted-tbn0.gstatic.com/images?q=tbn:ANd9GcR0EnA_6pMuCCvH4wQZoW4gFPN5wOXmV4Ri-Q&s,225x225
Astronaut Suits,Astronaut_Suits_1.jpg,https://encrypted-tbn0.gstatic.com/images?q=tbn:ANd9GcTwmnxIvyVqAFOL53LyHK-NLRF7tlf7sOjpMg&s,275x183
Astronaut Suits,Astronaut_Suits_2.jpg,https://encrypted-tbn0.gstatic.com/images?q=tbn:ANd9GcQMkMgZe7ywqTOPMn3Z_swB_n_1jNF8gLgYl4DpXDiZfWlNLKDJ9ax4gEFF&s,46x77
Astronaut Suits,Astronaut_Suits_3.jpg,https://encrypted-tbn0.gstatic.com/images?q=tbn:ANd9GcSX1swFagfPV0sNQRAftZOCauQPY6a7GL8ySg&s,286x176
Astronaut Suits,Astronaut_Suits_4.jpg,https://encrypted-tbn0.gstatic.com/images?q=tbn:ANd9GcROlAr_cJ9bpqCfavO8WHpTpPk_--ms6uxEtMzVhCPAas_VzFYhQz4sM5KG&s,71x46
Astronaut Suits,Astronaut_Suits_5.jpg,https://encrypted-tbn0.gstatic.com/images?q=tbn:ANd9GcSa8f5GQ9NCBYGRdZ4ZyBhxP7Ph0uwgmEMdCg&s,225x225
Astronaut Suits,Astronaut_Suits_6.jpg,https://encrypted-tbn0.gstatic.com/images?q=tbn:ANd9GcSL9ExHRnZTPAKgijS5PPdrF3cg--kdoq9R8g&s,183x275
Astronaut Suits,Astronaut_Suits_7.jpg,https://encrypted-tbn0.gstatic.com/images?q=tbn:ANd9GcQf1ExoUymB6CSZLV_C1RvV9nJEE0X0zlSyig&s,162x310
Astronaut Suits,Astronaut_Suits_8.jpg,https://encrypted-tbn0.gstatic.com/images?q=tbn:ANd9GcQWVnMNudeJe30itOb5wchQJmoV6L9qYlkoFTEWvCKo&s=0,50x50
Astronaut Suits,Astronaut_Suits_9.jpg,https://encrypted-tbn0.gstatic.com/images?q=tbn:ANd9GcTIH7-qsvDRhp-OlLfzy6IDQLpkphOJP2i3NA&s,266x190
Astronaut Suits,Astronaut_Suits_10.jpg,https://encrypted-tbn0.gstatic.com/images?q=tbn:ANd9GcTu00jYCyJ719IwrSaV_c8Z2mghQ9aTvvgydRoiBcawXuQITxvL6vuRnO6A&s,46x46
Astronaut Suits,Astronaut_Suits_11.jpg,https://encrypted-tbn0.gstatic.com/images?q=tbn:ANd9GcTUlu25hdRF81D-ySyQZZals2dPSr0sO_YXMA&s,284x177
Astronaut Suits,Astronaut_Suits_12.jpg,https://encrypted-tbn0.gstatic.com/images?q=tbn:ANd9GcQplqwVfJrt1lj-5VWZlPOtWYn1hPQu1hJyLw&s,223x226
Astronaut Suits,Astronaut_Suits_13.jpg,https://encrypted-tbn0.gstatic.com/images?q=tbn:ANd9GcQN8bh81Ruqslw2VPDj9-IQoc6VpmX2Uw1qeg&s,299x168
Astronaut Suits,Astronaut_Suits_14.jpg,https://encrypted-tbn0.gstatic.com/images?q=tbn:ANd9GcQK2LvWIEWkLJsHw_EMr_k4CHDc_D7G-PJMvQ&s,159x318
Astronaut Suits,Astronaut_Suits_15.jpg,"https://encrypted-tbn2.gstatic.com/faviconV2?url=https://www.nytimes.com&client=IMAGE_SEARCH&size=16&type=FAVICON&fallback_opts=TYPE,SIZE,URL",16x16
Astronaut Suits,Astronaut_Suits_16.jpg,https://encrypted-tbn0.gstatic.com/images?q=tbn:ANd9GcSysfR_0nFjL_Aw6vA7ZQ4IiB7x9gexrwA9eicsobODNUewoZS4Aym0&s=0,50x50
Astronaut Suits,Astronaut_Suits_18.jpg,https://encrypted-tbn0.gstatic.com/images?q=tbn:ANd9GcQ4wNHSh4ACLjgly5jHKqgFLmtJOlHMJlfWsw&s,203x249
Astronaut Suits,Astronaut_Suits_19.jpg,https://encrypted-tbn0.gstatic.com/images?q=tbn:ANd9GcScKu4cZ_60WYKrfgjPV0Xu8-k4S_gyGVQZeg&s,309x163
Astronaut Suits,Astronaut_Suits_20.jpg,https://encrypted-tbn0.gstatic.com/images?q=tbn:ANd9GcQCJXzOkEZgSzoF54yJDPd4fazbzVkpdVgggA&s,229x220
Astronaut Suits,Astronaut_Suits_21.jpg,https://encrypted-tbn0.gstatic.com/images?q=tbn:ANd9GcSCxwngk0r3z7CwbvxQDmlA0qjHfRDfvKqK0w&s,221x228
Astronaut Suits,Astronaut_Suits_22.jpg,https://encrypted-tbn0.gstatic.com/images?q=tbn:ANd9GcTod9VcOrMRKCmtoZ0kHknsHUt6en_R4896VUmhvJm5&s=0,50x50
Astronaut Suits,Astronaut_Suits_23.jpg,https://encrypted-tbn0.gstatic.com/images?q=tbn:ANd9GcRqSoU47X3PpBxTaeINK94i0E0k3LTA-pVAuQ&s,225x225
Astronaut Suits,Astronaut_Suits_24.jpg,https://encrypted-tbn0.gstatic.com/images?q=tbn:ANd9GcSEoTGt7_gFDgJvCgqf9RtlHpyJ_aYTgaV-BQ&s,253x199
Astronaut Suits,Astronaut_Suits_25.jpg,https://encrypted-tbn0.gstatic.com/images?q=tbn:ANd9GcQVpw4J3iXI1fYv4bc1-XYNDnNwnq2CcpDAtg&s,225x224
Astronaut Suits,Astronaut_Suits_26.jpg,https://encrypted-tbn0.gstatic.com/images?q=tbn:ANd9GcTDNH1bhF-1nVqZ9qLppXTm0x-ZUBJSA2GdUH_lqstsgPB6zfKahTbj-X2Q&s,47x46
Astronaut Suits,Astronaut_Suits_27.jpg,https://encrypted-tbn0.gstatic.com/images?q=tbn:ANd9GcQpmeMYYi_4RTyJuo9gnFOhdCXnoxIWeTJAkA&s,177x285
Astronaut Suits,Astronaut_Suits_28.jpg,https://encrypted-tbn0.gstatic.com/images?q=tbn:ANd9GcQCVN22oaTe80nvx3yhe_mQ6b4kMA4aV92C4w&s,300x168
Astronaut Suits,Astronaut_Suits_29.jpg,https://encrypted-tbn0.gstatic.com/images?q=tbn:ANd9GcS8_j5Z0AEcoW0FnW2JssU1O7yQKspL1zJlig&s,194x259
Astronaut Suits,Astronaut_Suits_30.jpg,https://encrypted-tbn0.gstatic.com/images?q=tbn:ANd9GcTYXdfqfreJfX2RoS9SPcWBcAT3yqjcXMWXrg&s,201x251
Astronaut Suits,Astronaut_Suits_31.jpg,https://encrypted-tbn0.gstatic.com/images?q=tbn:ANd9GcQekRTbi9zfnm_jVzxPk8x53FmZnX1ebjcUWg&s,300x168
Astronaut Suits,Astronaut_Suits_32.jpg,https://encrypted-tbn0.gstatic.com/images?q=tbn:ANd9GcSYYovfVVnIn6ukTE_zyIKk8PQhsUztKjG9_g&s,276x183
Astronaut Suits,Astronaut_Suits_33.jpg,https://encrypted-tbn0.gstatic.com/images?q=tbn:ANd9GcQ7bu2UHvRvWbBIRAwa6yfqoA6iiH0pNew-Cw&s,174x290
Astronaut Suits,Astronaut_Suits_34.jpg,https://encrypted-tbn0.gstatic.com/images?q=tbn:ANd9GcR-YY-6PhxYDU62T8747WHKvD-kGuPptOdY5w&s,140x359
Astronaut Suits,Astronaut_Suits_35.jpg,https://encrypted-tbn0.gstatic.com/images?q=tbn:ANd9GcSI1zbE4UaL2ggFZnTJ0MYvtaks-Rk6beecjmWMubZbExum22R1vdX2&s=0,50x50
Astronaut Suits,Astronaut_Suits_36.jpg,https://encrypted-tbn0.gstatic.com/images?q=tbn:ANd9GcRJINAiMdzx-r-4fF1yQPkpGNokfCrcDSrqvA&s,287x175
Astronaut Suits,Astronaut_Suits_37.jpg,https://encrypted-tbn0.gstatic.com/images?q=tbn:ANd9GcTVGHn5i_TAKabBQOIALBroT8FnmtsNOlKVvw&s,149x339
Astronaut Suits,Astronaut_Suits_38.jpg,"https://encrypted-tbn1.gstatic.com/faviconV2?url=https://www.nature.com&client=IMAGE_SEARCH&size=16&type=FAVICON&fallback_opts=TYPE,SIZE,URL",16x16
Astronaut Suits,Astronaut_Suits_39.jpg,https://encrypted-tbn0.gstatic.com/images?q=tbn:ANd9GcQndnBUhNL2C7F8oLPUNevvHz5mjwGVCmjtJ0rWcSbM1vEx5Sm6XDriUM3c&s,46x57
Astronaut Suits,Astronaut_Suits_40.jpg,https://encrypted-tbn0.gstatic.com/images?q=tbn:ANd9GcSx_bzoM1qftO_OlmitOshKYnh4omDJqUbzNQ&s,212x238
Astronaut Suits,Astronaut_Suits_41.jpg,"https://encrypted-tbn1.gstatic.com/faviconV2?url=https://www.wonderworksonline.com&client=IMAGE_SEARCH&size=16&type=FAVICON&fallback_opts=TYPE,SIZE,URL",16x16
Astronaut Suits,Astronaut_Suits_42.jpg,https://encrypted-tbn0.gstatic.com/images?q=tbn:ANd9GcTephwcabre2DoJepO-Ke81ed6dBjkgZjzE2g&s,273x185
Astronaut Suits,Astronaut_Suits_43.jpg,https://encrypted-tbn0.gstatic.com/images?q=tbn:ANd9GcTw_8NRI3vnMv3ZMYkJ88s4H41GAkfgIjsm0Q&s,180x239
Astronaut Suits,Astronaut_Suits_44.jpg,https://encrypted-tbn0.gstatic.com/images?q=tbn:ANd9GcTPiP8EBZNb9UwFFtgoNLEClEmdt7TIp54aIA&s,159x318
Astronaut Suits,Astronaut_Suits_45.jpg,"https://encrypted-tbn1.gstatic.com/faviconV2?url=https://www.spacecampturkey.com&client=IMAGE_SEARCH&size=16&type=FAVICON&fallback_opts=TYPE,SIZE,URL",16x16
Astronaut Suits,Astronaut_Suits_46.jpg,https://encrypted-tbn0.gstatic.com/images?q=tbn:ANd9GcQ8QEXt3ieUz174hzr9Ad3_EBPnXS7A-GaAqg&s,275x183
Astronaut Suits,Astronaut_Suits_47.jpg,https://encrypted-tbn0.gstatic.com/images?q=tbn:ANd9GcRTO6xOSCK4UkvyhfYP5x4qT9WaGYWnCATrGw&s,264x191
Astronaut Suits,Astronaut_Suits_48.jpg,https://encrypted-tbn0.gstatic.com/images?q=tbn:ANd9GcRQtQm8W0AOW5DzyITVzjmXyTPK1-TDJ6NCTQ&s,259x194
Astronaut Suits,Astronaut_Suits_49.jpg,https://encrypted-tbn0.gstatic.com/images?q=tbn:ANd9GcTjvUaaLrzGeOCCjgfttdpVfx5LUYeXtM27yrzjCPa7fKDB55ZbvLCoVlW9&s,69x46
Astronaut Suits,Astronaut_Suits_50.jpg,https://encrypted-tbn0.gstatic.com/images?q=tbn:ANd9GcQ3rPcIVkCRQzIQ61-FxiyyU284IRYOmhYkwg&s,299x168
Ancient Ruins,Ancient_Ruins_1.jpg,https://encrypted-tbn0.gstatic.com/images?q=tbn:ANd9GcS3aDkKHjsHD_b0KJFSKUUHELxGM4CxPmA6qw403daXVVN8iEJ01cmA6hOd&s,69x46
Ancient Ruins,Ancient_Ruins_2.jpg,https://encrypted-tbn0.gstatic.com/images?q=tbn:ANd9GcR1gTlCSHSYivatiJCzYUDAv2ggiy6CxZGuhw&s,275x183
Ancient Ruins,Ancient_Ruins_3.jpg,https://encrypted-tbn0.gstatic.com/images?q=tbn:ANd9GcRTfFyfsG4QXw0T9JO_rPaeQCyi32OlAmUnng&s,201x251
Ancient Ruins,Ancient_Ruins_4.jpg,"https://encrypted-tbn2.gstatic.com/faviconV2?url=https://www.cnn.com&client=IMAGE_SEARCH&size=16&type=FAVICON&fallback_opts=TYPE,SIZE,URL",16x16
Ancient Ruins,Ancient_Ruins_5.jpg,https://encrypted-tbn0.gstatic.com/images?q=tbn:ANd9GcSjHBSViDJ4rfF4m29o-KOBCNN_7jJBKpmKGwiS5mk74zCHlLKurmH_grDa&s,71x46
Ancient Ruins,Ancient_Ruins_6.jpg,https://encrypted-tbn0.gstatic.com/images?q=tbn:ANd9GcQN2wmlYgnXuX3MVPeU2DCp3kqJW62bZK3H1g&s,309x163
Ancient Ruins,Ancient_Ruins_7.jpg,"https://encrypted-tbn0.gstatic.com/faviconV2?url=https://unsplash.com&client=IMAGE_SEARCH&size=16&type=FAVICON&fallback_opts=TYPE,SIZE,URL",16x16
Ancient Ruins,Ancient_Ruins_8.jpg,"https://encrypted-tbn0.gstatic.com/faviconV2?url=https://sumabeachlifestyle.com&client=IMAGE_SEARCH&size=16&type=FAVICON&fallback_opts=TYPE,SIZE,URL",16x11
Ancient Ruins,Ancient_Ruins_9.jpg,https://encrypted-tbn0.gstatic.com/images?q=tbn:ANd9GcTx-8IlbmdkkZUZY_SPunHu_X4P1CmGCkHIAnlG5vBTcQ7B_A0VQ0_x&s=0,50x50
Ancient Ruins,Ancient_Ruins_10.jpg,https://encrypted-tbn0.gstatic.com/images?q=tbn:ANd9GcSWBmTWSq91ugGd8GVSXJx0gXrKdjQA3_ZQ7g&s,192x263
Ancient Ruins,Ancient_Ruins_11.jpg,"https://encrypted-tbn3.gstatic.com/faviconV2?url=https://www.rockpapershotgun.com&client=IMAGE_SEARCH&size=16&type=FAVICON&fallback_opts=TYPE,SIZE,URL",16x16
Ancient Ruins,Ancient_Ruins_12.jpg,"https://encrypted-tbn3.gstatic.com/faviconV2?url=https://www.oddee.com&client=IMAGE_SEARCH&size=16&type=FAVICON&fallback_opts=TYPE,SIZE,URL",16x16
Ancient Ruins,Ancient_Ruins_14.jpg,"https://encrypted-tbn0.gstatic.com/faviconV2?url=https://www.bigstockphoto.com&client=IMAGE_SEARCH&size=16&type=FAVICON&fallback_opts=TYPE,SIZE,URL",16x16
Ancient Ruins,Ancient_Ruins_15.jpg,https://encrypted-tbn0.gstatic.com/images?q=tbn:ANd9GcTrGiLmnlMTDye3DZb8waA1xuTzlPOJZcjPMw&s,259x194
Ancient Ruins,Ancient_Ruins_16.jpg,https://encrypted-tbn0.gstatic.com/images?q=tbn:ANd9GcTQRDLyHM_Q-UNotBJBlPs48xGZbYvhVCeezg&s,339x149
Ancient Ruins,Ancient_Ruins_17.jpg,https://encrypted-tbn0.gstatic.com/images?q=tbn:ANd9GcQTvZFPSN1deFySgRaHPv8AzGBKjlVJr2rm_us9d_3Ko6RAbJNyZNacdhky&s,68x46
Ancient Ruins,Ancient_Ruins_18.jpg,https://encrypted-tbn0.gstatic.com/images?q=tbn:ANd9GcR3xOt29cRy2o9-IYW5Kj5ZuCJBxdPY9OUNMg&s,299x168
Ancient Ruins,Ancient_Ruins_19.jpg,https://encrypted-tbn0.gstatic.com/images?q=tbn:ANd9GcSNCo-WVR3vTr5UYgec02_JhfxIFm_QSzhIU38IQiTwBLqynuj4OzmQk0mC&s,61x46
Ancient Ruins,Ancient_Ruins_20.jpg,https://encrypted-tbn0.gstatic.com/images?q=tbn:ANd9GcT3-squQ-zQ-H3Eklf_r7dJjtLIpIZYGgMArn5zp3UHWZ0wb9-WTOpiHcVU&s,61x46
Ancient Ruins,Ancient_Ruins_21.jpg,https://encrypted-tbn0.gstatic.com/images?q=tbn:ANd9GcTdM_duheHsjWW-bTZPxSzYUCbNb0Z8Rx754w&s,259x194
Ancient Ruins,Ancient_Ruins_22.jpg,"https://encrypted-tbn1.gstatic.com/faviconV2?url=https://mymodernmet.com&client=IMAGE_SEARCH&size=16&type=FAVICON&fallback_opts=TYPE,SIZE,URL",16x16
Ancient Ruins,Ancient_Ruins_23.jpg,https://encrypted-tbn0.gstatic.com/images?q=tbn:ANd9GcSFAyGetZopRhRFLoWQlne6Sqj3yGi36RWEgg&s,283x178
Ancient Ruins,Ancient_Ruins_24.jpg,https://encrypted-tbn0.gstatic.com/images?q=tbn:ANd9GcSRMdhznKi3DWFKUEAep2KanIieBUHzTsQQFA&s,275x183
Ancient Ruins,Ancient_Ruins_25.jpg,https://encrypted-tbn0.gstatic.com/images?q=tbn:ANd9GcT4jeg8UhFE-Hhp9qO9As-3vUCabFemayemMw&s,300x168
Ancient Ruins,Ancient_Ruins_26.jpg,https://encrypted-tbn0.gstatic.com/images?q=tbn:ANd9GcTPIo1MbYQ9RCow0PMqEzxVJJfPtCBdtpX-2w&s,311x162
Ancient Ruins,Ancient_Ruins_27.jpg,"https://encrypted-tbn0.gstatic.com/faviconV2?url=https://www.ndtv.com&client=IMAGE_SEARCH&size=16&type=FAVICON&fallback_opts=TYPE,SIZE,URL",16x16
Ancient Ruins,Ancient_Ruins_28.jpg,https://encrypted-tbn0.gstatic.com/images?q=tbn:ANd9GcRwwxAp2uzoDms6pMKoA1E3b15CL4EVz5qJlMj5o_MTwVCX6EG_DN3FlyLE&s,82x46
Ancient Ruins,Ancient_Ruins_29.jpg,https://encrypted-tbn0.gstatic.com/images?q=tbn:ANd9GcQ96RRGj9f0h-J7txu-_bZHD3P6O7gIIL7wOg&s,271x186
Ancient Ruins,Ancient_Ruins_30.jpg,https://encrypted-tbn0.gstatic.com/images?q=tbn:ANd9GcQXPGPlWwHVdRrk5SZWB9wIp5Zqui12lOmv92ItrdX9&s=0,50x50
Ancient Ruins,Ancient_Ruins_31.jpg,https://encrypted-tbn0.gstatic.com/images?q=tbn:ANd9GcQgcVoy0ddMiS43F_hwlhcs0S-NZHucZC3ZFA&s,275x183
Ancient Ruins,Ancient_Ruins_33.jpg,https://encrypted-tbn0.gstatic.com/images?q=tbn:ANd9GcTfDPauik9QQ_jqoNSND8gdtUdMzYRE9hjskP1_P84o&s=0,50x50
Ancient Ruins,Ancient_Ruins_34.jpg,https://encrypted-tbn0.gstatic.com/images?q=tbn:ANd9GcTV9otE2gqqLr8lAc52XJbQmGLLF2ik22H1Cg&s,306x165
Ancient Ruins,Ancient_Ruins_35.jpg,https://encrypted-tbn0.gstatic.com/images?q=tbn:ANd9GcTFSDqQCGOSLnwzt8e2CVjP16BRYT7ALMd7sg&s,275x183
Ancient Ruins,Ancient_Ruins_36.jpg,https://encrypted-tbn0.gstatic.com/images?q=tbn:ANd9GcQtzEVc-z-mGcmhFt4qEcDQA5mHABJAPPZNTA&s,225x225
Ancient Ruins,Ancient_Ruins_37.jpg,"https://encrypted-tbn2.gstatic.com/faviconV2?url=https://matadornetwork.com&client=IMAGE_SEARCH&size=16&type=FAVICON&fallback_opts=TYPE,SIZE,URL",16x16
Ancient Ruins,Ancient_Ruins_38.jpg,"https://encrypted-tbn0.gstatic.com/faviconV2?url=https://mapswithnoroads.com&client=IMAGE_SEARCH&size=16&type=FAVICON&fallback_opts=TYPE,SIZE,URL",16x16
Ancient Ruins,Ancient_Ruins_39.jpg,https://encrypted-tbn0.gstatic.com/images?q=tbn:ANd9GcRA_GJVhoqB-PF20rpOglux9hTlpfJluZ4zRw&s,275x183
Ancient Ruins,Ancient_Ruins_40.jpg,https://encrypted-tbn0.gstatic.com/images?q=tbn:ANd9GcRESfqIln7-Ufi8UOQy4fvpClTL4heKoKj4wA&s,259x194
Ancient Ruins,Ancient_Ruins_41.jpg,https://encrypted-tbn0.gstatic.com/images?q=tbn:ANd9GcQ2yZ3kOjvAqaGH4cUDUKANI1SmNbp4SYh66w&s,348x145
Ancient Ruins,Ancient_Ruins_42.jpg,https://encrypted-tbn0.gstatic.com/images?q=tbn:ANd9GcSx-mqAHimVa3YJr-ZsOHSKl9SMKmUCQYX5Kw&s,275x183
Ancient Ruins,Ancient_Ruins_43.jpg,https://encrypted-tbn0.gstatic.com/images?q=tbn:ANd9GcRF8HdF_5AVIS-RAYXuZKWhOoNr1uIIH8RRpA&s,259x194
Ancient Ruins,Ancient_Ruins_44.jpg,https://encrypted-tbn0.gstatic.com/images?q=tbn:ANd9GcTV1-qR_b97DWni3gXZu6_JZj1TRFPTO0dkjQ&s,260x194
Ancient Ruins,Ancient_Ruins_45.jpg,https://encrypted-tbn0.gstatic.com/images?q=tbn:ANd9GcRYyqa0SjKOMKA8rzgh0iERPfOo_zbG4N6Qgw&s,225x225
Ancient Ruins,Ancient_Ruins_46.jpg,https://encrypted-tbn0.gstatic.com/images?q=tbn:ANd9GcTasyHrGr1kGZbzistZi3mkXtJAhxZ4japytA&s,279x181
Ancient Ruins,Ancient_Ruins_47.jpg,https://encrypted-tbn0.gstatic.com/images?q=tbn:ANd9GcQqAnV7yPIUXJ8aSnndLBsRlhWUVOs6-e-AVg&s,275x183
Ancient Ruins,Ancient_Ruins_48.jpg,https://encrypted-tbn0.gstatic.com/images?q=tbn:ANd9GcSQUxYGdqZoJmxevFXOzyZt4GIxXYm4t1FUSw&s,300x168
Ancient Ruins,Ancient_Ruins_49.jpg,https://encrypted-tbn0.gstatic.com/images?q=tbn:ANd9GcQu18KrkNYNaAgPhessXHZpU0IjYOR51MC1-Q&s,225x225
Ancient Ruins,Ancient_Ruins_50.jpg,https://encrypted-tbn0.gstatic.com/images?q=tbn:ANd9GcRxc6fA4DjZ3nixv16cLxeIITwG7izhaYewZA&s,310x163
Futuristic Cities,Futuristic_Cities_1.jpg,https://encrypted-tbn0.gstatic.com/images?q=tbn:ANd9GcTg-9PB5876KC7JqPXa90K26MSI1aQpCxmMnA&s,294x171
Futuristic Cities,Futuristic_Cities_2.jpg,https://encrypted-tbn0.gstatic.com/images?q=tbn:ANd9GcQSe5iRrbNNSF4wW0diZ2BEZfSDkjh9pIvvAg&s,278x181
Futuristic Cities,Futuristic_Cities_3.jpg,https://encrypted-tbn0.gstatic.com/images?q=tbn:ANd9GcQ8-Apz3Z5phj_IDlbSgdrZsCPytKSxt-v3oMympTVDjxJn6SCt_CtB&s=0,50x50
Futuristic Cities,Futuristic_Cities_4.jpg,https://encrypted-tbn0.gstatic.com/images?q=tbn:ANd9GcSkUwcx4_uuVcmTmYYsm56HnM9sjl0gR-mduQ&s,191x264
Futuristic Cities,Futuristic_Cities_5.jpg,https://encrypted-tbn0.gstatic.com/images?q=tbn:ANd9GcTdw6NW87ePOs_YVI5yjtK9qfdnkCOlSGU2Vg&s,318x159
Futuristic Cities,Futuristic_Cities_6.jpg,"https://encrypted-tbn0.gstatic.com/faviconV2?url=https://www.mikealbert.com&client=IMAGE_SEARCH&size=16&type=FAVICON&fallback_opts=TYPE,SIZE,URL",16x16
Futuristic Cities,Futuristic_Cities_7.jpg,https://encrypted-tbn0.gstatic.com/images?q=tbn:ANd9GcTLpXf-hrPBs1SWSjkeJvj6nv2FfH_HMWZGcw&s,300x168
Futuristic Cities,Futuristic_Cities_8.jpg,"https://encrypted-tbn2.gstatic.com/faviconV2?url=https://www.reddit.com&client=IMAGE_SEARCH&size=16&type=FAVICON&fallback_opts=TYPE,SIZE,URL",16x16
Futuristic Cities,Futuristic_Cities_9.jpg,https://encrypted-tbn0.gstatic.com/images?q=tbn:ANd9GcQbwOMCv__udpfyfXfOMCtIYDDNxofJDI3XIL2dRl8p&s=0,50x50
Futuristic Cities,Futuristic_Cities_10.jpg,https://encrypted-tbn0.gstatic.com/images?q=tbn:ANd9GcSQTdffNMVwLX4-_FNFvZikVC1V1wa576mloQ&s,159x318
Futuristic Cities,Futuristic_Cities_11.jpg,https://encrypted-tbn0.gstatic.com/images?q=tbn:ANd9GcQG1gUKIFN_c7KS8EgVOwjvptUP8lOo7UikLXwFPy9fzZga0kSJOcL6t1AI&s,82x46
Futuristic Cities,Futuristic_Cities_13.jpg,https://encrypted-tbn0.gstatic.com/images?q=tbn:ANd9GcRT4spP9fQWKbBorbgHTOoRSI3eMqIf3s3H2A&s,300x168
Futuristic Cities,Futuristic_Cities_14.jpg,https://encrypted-tbn0.gstatic.com/images?q=tbn:ANd9GcS4fAjct36NBZ3cUUGgsLnHFpXJ9fdQxWCVkw&s,274x184
Futuristic Cities,Futuristic_Cities_15.jpg,https://encrypted-tbn0.gstatic.com/images?q=tbn:ANd9GcTL-3g9x7OGZKbWdilUNFHEXdYXN2veBDFLoA&s,299x168
Futuristic Cities,Futuristic_Cities_16.jpg,https://encrypted-tbn0.gstatic.com/images?q=tbn:ANd9GcTiqBN3fobG755YoPEnHtxsT6JBaVu7vEVlGg&s,290x174
Futuristic Cities,Futuristic_Cities_17.jpg,https://encrypted-tbn0.gstatic.com/images?q=tbn:ANd9GcTVytWv_LBlaI9hwxy7qfcWa6ojPOs5HrLBArEEaT7Uj2duR8ZBuTnEvHSQ&s,46x46
Futuristic Cities,Futuristic_Cities_18.jpg,https://encrypted-tbn0.gstatic.com/images?q=tbn:ANd9GcR2oAAs4Ect0UKioLCRviNG3FakUv0G94CqYQ&s,189x266
Futuristic Cities,Futuristic_Cities_19.jpg,https://encrypted-tbn0.gstatic.com/images?q=tbn:ANd9GcTWbpXNJ9shwlGI8IuiIQx9zfwR0MJ8JlpaAQ&s,294x171
Futuristic Cities,Futuristic_Cities_20.jpg,https://encrypted-tbn0.gstatic.com/images?q=tbn:ANd9GcSm_UmWV8dmiHdYiD4kpkZqe-jR1XQMjhyGVQ&s,275x183
Futuristic Cities,Futuristic_Cities_21.jpg,"https://encrypted-tbn0.gstatic.com/faviconV2?url=https://urbandesignlab.in&client=IMAGE_SEARCH&size=16&type=FAVICON&fallback_opts=TYPE,SIZE,URL",16x16
Futuristic Cities,Futuristic_Cities_22.jpg,https://encrypted-tbn0.gstatic.com/images?q=tbn:ANd9GcTRMr-ebmXfD768eXVBCAhXo704TPLk2L_TPhJzK8MwvHlDGtYDf0MRvFuJ&s,69x46
Futuristic Cities,Futuristic_Cities_23.jpg,https://encrypted-tbn0.gstatic.com/images?q=tbn:ANd9GcQ-z3AiaYMCpWT9L39u6q421kUtGVQ86ZXvhQ&s,300x168
Futuristic Cities,Futuristic_Cities_24.jpg,https://encrypted-tbn0.gstatic.com/images?q=tbn:ANd9GcSHBOj0ZGEN4WU7Qk8CknR2Ijrqu8IxmjxVNA&s,201x251
Futuristic Cities,Futuristic_Cities_25.jpg,https://encrypted-tbn0.gstatic.com/images?q=tbn:ANd9GcRkp-cUx4St4OW6Xn8KsY6VpsEgZTfSzLAJASMQxjFZIy2AMkoxE9yf&s=0,50x50
Futuristic Cities,Futuristic_Cities_26.jpg,https://encrypted-tbn0.gstatic.com/images?q=tbn:ANd9GcT1eDC-0chrQklTsfMuG47kc2eG-P_pAVJy8Q&s,367x137
Futuristic Cities,Futuristic_Cities_27.jpg,"https://encrypted-tbn2.gstatic.com/faviconV2?url=https://wallpapers.com&client=IMAGE_SEARCH&size=16&type=FAVICON&fallback_opts=TYPE,SIZE,URL",16x16
Futuristic Cities,Futuristic_Cities_28.jpg,https://encrypted-tbn0.gstatic.com/images?q=tbn:ANd9GcT-ekfimMlmkyLbBkhnSyt6bAWevRGCjvu8rJESrZIovjLITR6OP7P2ztjE&s,46x55
Futuristic Cities,Futuristic_Cities_29.jpg,https://encrypted-tbn0.gstatic.com/images?q=tbn:ANd9GcQ7V4PBMKVUzTQjFJM0xUD4pfyVRlOEgnvWZw&s,300x168
Futuristic Cities,Futuristic_Cities_30.jpg,"https://encrypted-tbn1.gstatic.com/faviconV2?url=https://www.freepik.com&client=IMAGE_SEARCH&size=16&type=FAVICON&fallback_opts=TYPE,SIZE,URL",16x16
Futuristic Cities,Futuristic_Cities_31.jpg,https://encrypted-tbn0.gstatic.com/images?q=tbn:ANd9GcRQ0ftxHdF2pz9WVfbc2K-GJw04IvAIWA7fdA&s,259x194
Futuristic Cities,Futuristic_Cities_32.jpg,https://encrypted-tbn0.gstatic.com/images?q=tbn:ANd9GcQUQ9xtyoCfPOGC-FwMk0zD0-AedGYHzkQuWA&s,299x168
Futuristic Cities,Futuristic_Cities_33.jpg,https://encrypted-tbn0.gstatic.com/images?q=tbn:ANd9GcTqdHyrUB9iqOtgIEShLUNjblXdWKWqEjeB97c5-MH0qApvajdUufhSHrRA&s,46x46
Futuristic Cities,Futuristic_Cities_34.jpg,"https://encrypted-tbn3.gstatic.com/faviconV2?url=https://www.re-thinkingthefuture.com&client=IMAGE_SEARCH&size=16&type=FAVICON&fallback_opts=TYPE,SIZE,URL",16x16
Futuristic Cities,Futuristic_Cities_35.jpg,"https://encrypted-tbn1.gstatic.com/faviconV2?url=https://www.newindianexpress.com&client=IMAGE_SEARCH&size=16&type=FAVICON&fallback_opts=TYPE,SIZE,URL",16x16
Futuristic Cities,Futuristic_Cities_36.jpg,https://encrypted-tbn0.gstatic.com/images?q=tbn:ANd9GcRJ0ye5tK4Ofe8Prc3u4glfOy5-LDyyXbCd0A&s,300x168
Futuristic Cities,Futuristic_Cities_37.jpg,https://encrypted-tbn0.gstatic.com/images?q=tbn:ANd9GcSRhSkyHOO-cL7mV5m4_oVtxPqVgx97twb7AQ&s,279x181
Futuristic Cities,Futuristic_Cities_38.jpg,"https://encrypted-tbn0.gstatic.com/faviconV2?url=https://www.flipkart.com&client=IMAGE_SEARCH&size=16&type=FAVICON&fallback_opts=TYPE,SIZE,URL",16x16
Futuristic Cities,Futuristic_Cities_39.jpg,https://encrypted-tbn0.gstatic.com/images?q=tbn:ANd9GcRqILmKnixkAOOkHbASzR1UmZclnJuFJTWdMg&s,271x186
Futuristic Cities,Futuristic_Cities_40.jpg,https://encrypted-tbn0.gstatic.com/images?q=tbn:ANd9GcQR7yS4JHDFJPv46pm9JLyq0Uogtd19L-8G1A&s,276x183
Futuristic Cities,Futuristic_Cities_41.jpg,https://encrypted-tbn0.gstatic.com/images?q=tbn:ANd9GcTVM40XExw_50UF-DNGNQiN-GV2Vk0dUJNWrg&s,319x158
Futuristic Cities,Futuristic_Cities_42.jpg,https://encrypted-tbn0.gstatic.com/images?q=tbn:ANd9GcTlOu0iRUP5pBT0s_-MSZzKsZ7Ac5X9zQHipg&s,225x225
Futuristic Cities,Futuristic_Cities_43.jpg,https://encrypted-tbn0.gstatic.com/images?q=tbn:ANd9GcSg2r1W1zEIV09EsZPSaVW6JBW3sY7rdYK-wQ&s,189x266
Futuristic Cities,Futuristic_Cities_44.jpg,https://encrypted-tbn0.gstatic.com/images?q=tbn:ANd9GcSfPcafLp9UH9sj0sazXGFJVHqiv6PXzR52eg&s,300x168
Futuristic Cities,Futuristic_Cities_45.jpg,https://encrypted-tbn0.gstatic.com/images?q=tbn:ANd9GcS1UArCtsUYAGjJUmlBFjBqYZqxwG8evA--_g&s,300x168
Futuristic Cities,Futuristic_Cities_46.jpg,https://encrypted-tbn0.gstatic.com/images?q=tbn:ANd9GcSlLtQbwEo6xt5JMIMiNdrkht0dsVYtCx7pWlbRDVDjdhCpYloTjO5IbDhj&s,46x46
Futuristic Cities,Futuristic_Cities_47.jpg,https://encrypted-tbn0.gstatic.com/images?q=tbn:ANd9GcTbcwNm0LK8maOnqgpr2C3BLYV8FTrcazApnA&s,310x163
Futuristic Cities,Futuristic_Cities_48.jpg,https://encrypted-tbn0.gstatic.com/images?q=tbn:ANd9GcSVZs-R_lDXSv0wXqW3bWpKQ2b9d7u58UDxcg&s,318x159
Futuristic Cities,Futuristic_Cities_49.jpg,"https://encrypted-tbn2.gstatic.com/faviconV2?url=https://www.linkedin.com&client=IMAGE_SEARCH&size=16&type=FAVICON&fallback_opts=TYPE,SIZE,URL",16x16
Futuristic Cities,Futuristic_Cities_50.jpg,https://encrypted-tbn0.gstatic.com/images?q=tbn:ANd9GcR7GKydSmFIAco6bU8I4l6UfqUmlFP8w4X02g&s,275x183
Exotic Fruits,Exotic_Fruits_1.jpg,https://encrypted-tbn0.gstatic.com/images?q=tbn:ANd9GcRPj1OG_TmUvKk8-_LBCyKLcUKsL8ng0wUBaw&s,225x225
Exotic Fruits,Exotic_Fruits_2.jpg,https://encrypted-tbn0.gstatic.com/images?q=tbn:ANd9GcTmFrVkPQpGm4_DywxA83H0shTf4siRBXoeig&s,183x275
Exotic Fruits,Exotic_Fruits_3.jpg,https://encrypted-tbn0.gstatic.com/images?q=tbn:ANd9GcQPldOQftaFcEd_6oY5ver9M3qKfaTG90xYhw&s,275x183
Exotic Fruits,Exotic_Fruits_4.jpg,https://encrypted-tbn0.gstatic.com/images?q=tbn:ANd9GcR79EYdg8mLKQ1qpnJqPfMJEwhSy_k6ehvmtw&s,275x183
Exotic Fruits,Exotic_Fruits_5.jpg,"https://encrypted-tbn2.gstatic.com/faviconV2?url=https://www.healthyfoodtribe.com&client=IMAGE_SEARCH&size=16&type=FAVICON&fallback_opts=TYPE,SIZE,URL",16x16
Exotic Fruits,Exotic_Fruits_6.jpg,https://encrypted-tbn0.gstatic.com/images?q=tbn:ANd9GcT86ZP3zb05IOkOxp4EDPd9scHzeV3RlrQETS0itRgC&s=0,50x50
Exotic Fruits,Exotic_Fruits_7.jpg,https://encrypted-tbn0.gstatic.com/images?q=tbn:ANd9GcSjusnkS8idcbkeehvKmaPS2xMWZMJV32olOw&s,275x183
Exotic Fruits,Exotic_Fruits_8.jpg,https://encrypted-tbn0.gstatic.com/images?q=tbn:ANd9GcQH5Be-KKNGBvvGfOBV2BNWJu8RO2gkDejDRUnk93SYvd9nl5hIgpYI29vo&s,46x46
Exotic Fruits,Exotic_Fruits_9.jpg,https://encrypted-tbn0.gstatic.com/images?q=tbn:ANd9GcTKa78YZxmmMYSiWxkWUCdSpUh6eSSb1KlqIA&s,282x179
Exotic Fruits,Exotic_Fruits_10.jpg,https://encrypted-tbn0.gstatic.com/images?q=tbn:ANd9GcQMTSQa5hdnsl0MOqJS28XWCe-Owo6bXEE_0Q&s,276x183
Exotic Fruits,Exotic_Fruits_11.jpg,"https://encrypted-tbn0.gstatic.com/faviconV2?url=https://www.compasstravelguide.net&client=IMAGE_SEARCH&size=16&type=FAVICON&fallback_opts=TYPE,SIZE,URL",16x16
Exotic Fruits,Exotic_Fruits_12.jpg,https://encrypted-tbn0.gstatic.com/images?q=tbn:ANd9GcTTVydSwwf09G3rz7BSMHF7Te0FNvw84Ushgw&s,168x299
Exotic Fruits,Exotic_Fruits_13.jpg,https://encrypted-tbn0.gstatic.com/images?q=tbn:ANd9GcQgiVBhGN2yMrhoi7nqqTS_Af5yiMudmqiHlQ&s,311x162
Exotic Fruits,Exotic_Fruits_14.jpg,https://encrypted-tbn0.gstatic.com/images?q=tbn:ANd9GcRDXMIULULFtOpsjjxBwBz2u5lhb-Dbv--4DA&s,284x177
Exotic Fruits,Exotic_Fruits_16.jpg,"https://encrypted-tbn0.gstatic.com/faviconV2?url=https://www.oola.com&client=IMAGE_SEARCH&size=16&type=FAVICON&fallback_opts=TYPE,SIZE,URL",16x16
Exotic Fruits,Exotic_Fruits_17.jpg,https://encrypted-tbn0.gstatic.com/images?q=tbn:ANd9GcRR4pGou4TygIO7IgmKbZU0d0HrEBKPq5Trvg&s,168x299
Exotic Fruits,Exotic_Fruits_18.jpg,https://encrypted-tbn0.gstatic.com/images?q=tbn:ANd9GcTJZ8az06BaeBYhYxL1Er6eODAKNP8qPOJepw&s,229x220
Exotic Fruits,Exotic_Fruits_19.jpg,https://encrypted-tbn0.gstatic.com/images?q=tbn:ANd9GcRSnEvzktyvhK-hed4QpLuml9J70xdBGs_26g&s,259x194
Exotic Fruits,Exotic_Fruits_20.jpg,https://encrypted-tbn0.gstatic.com/images?q=tbn:ANd9GcRPvIJZwiubAszz_fojPStY0au1fh3l3lZGDg&s,275x183
Exotic Fruits,Exotic_Fruits_21.jpg,https://encrypted-tbn0.gstatic.com/images?q=tbn:ANd9GcTEObaUOc8lpSEW-FIXOkpplXMGxO2TqK6aSg&s,275x183
Exotic Fruits,Exotic_Fruits_22.jpg,https://encrypted-tbn0.gstatic.com/images?q=tbn:ANd9GcSUG8FxIOX5_zUYwZckYdBBGfqXmlPMkaEqqw&s,311x162
Exotic Fruits,Exotic_Fruits_23.jpg,https://encrypted-tbn0.gstatic.com/images?q=tbn:ANd9GcToWpKo4JtcHwYv521TfFJPzomnViKvGcBHs0seDqrZR9u2DnXpRReN6LnD&s,46x46
Exotic Fruits,Exotic_Fruits_24.jpg,https://encrypted-tbn0.gstatic.com/images?q=tbn:ANd9GcS_wymu77i1MrN119n-9vGjLj-PlGZL_ROurg&s,284x177
Exotic Fruits,Exotic_Fruits_25.jpg,https://encrypted-tbn0.gstatic.com/images?q=tbn:ANd9GcQ95L5bK_8MBBncDWfo91sXABi6d0N6kGlkOA&s,259x195
Exotic Fruits,Exotic_Fruits_26.jpg,https://encrypted-tbn0.gstatic.com/images?q=tbn:ANd9GcQJ-ciBWx6p1l-7Z9mv6CbWVqT9vT0KUrbaIA&s,187x269
Exotic Fruits,Exotic_Fruits_27.jpg,https://encrypted-tbn0.gstatic.com/images?q=tbn:ANd9GcQcHEasHNi46_FYOvyDyypkq5oQHd8yhEWjrA&s,232x217
Exotic Fruits,Exotic_Fruits_28.jpg,https://encrypted-tbn0.gstatic.com/images?q=tbn:ANd9GcRX7IZHQv6wQ372K8XrV1gbyXbuNHfKMJQnuQ&s,259x194
Exotic Fruits,Exotic_Fruits_29.jpg,"https://encrypted-tbn3.gstatic.com/faviconV2?url=https://thefarmersonwheels.com&client=IMAGE_SEARCH&size=16&type=FAVICON&fallback_opts=TYPE,SIZE,URL",16x16
Exotic Fruits,Exotic_Fruits_30.jpg,https://encrypted-tbn0.gstatic.com/images?q=tbn:ANd9GcTI8hDwOu-MWxO3YQFnUbVNoAyKvqcqQ7Vewg&s,275x183
Exotic Fruits,Exotic_Fruits_31.jpg,https://encrypted-tbn0.gstatic.com/images?q=tbn:ANd9GcTpiEHHiimJLcxnqxg1ijtLl2krKV7Uq9bD4A&s,300x168
Exotic Fruits,Exotic_Fruits_32.jpg,"https://encrypted-tbn0.gstatic.com/faviconV2?url=https://kisanvedika.bighaat.com&client=IMAGE_SEARCH&size=16&type=FAVICON&fallback_opts=TYPE,SIZE,URL",16x16
Exotic Fruits,Exotic_Fruits_33.jpg,https://encrypted-tbn0.gstatic.com/images?q=tbn:ANd9GcQngfZ3D0f-IBi6Nabsr2Cb5VQ71PjNMGWk5A&s,192x262
Exotic Fruits,Exotic_Fruits_34.jpg,https://encrypted-tbn0.gstatic.com/images?q=tbn:ANd9GcQgtXzhoTA5pzmnTqWsX2ZLZNKJ_G88_k9pAmzdMv2MNippiHDUAVnEAQhp&s,46x74
Exotic Fruits,Exotic_Fruits_35.jpg,https://encrypted-tbn0.gstatic.com/images?q=tbn:ANd9GcSuTa4ESierxC--6tjBPfH0rTT6asOQFzcN6yYDxhHS_7eao68o3g1n&s=0,50x50
Exotic Fruits,Exotic_Fruits_36.jpg,https://encrypted-tbn0.gstatic.com/images?q=tbn:ANd9GcQfUnpdX357mPyiDXEI0M9U_gmwn1wOCiZMMA&s,286x176
Exotic Fruits,Exotic_Fruits_37.jpg,https://encrypted-tbn0.gstatic.com/images?q=tbn:ANd9GcStmgBO20pjTGIPbD8Bael3_VoYQm93qPeAEkI1sOkwyg-B3y78awP3pvUL&s,69x46
Exotic Fruits,Exotic_Fruits_38.jpg,https://encrypted-tbn0.gstatic.com/images?q=tbn:ANd9GcS8PEq9E_05YvwesxCM1h-5BFa34uKTXEGG2w&s,276x183
Exotic Fruits,Exotic_Fruits_39.jpg,https://encrypted-tbn0.gstatic.com/images?q=tbn:ANd9GcSX6ooiICR32VQZ5pBpb_TGmaKuKHnacZalpA&s,275x183
Exotic Fruits,Exotic_Fruits_40.jpg,https://encrypted-tbn0.gstatic.com/images?q=tbn:ANd9GcROX_QlCIStmeV3qSN55Neq8HLt-T5UQqpmZg&s,225x225
Exotic Fruits,Exotic_Fruits_41.jpg,https://encrypted-tbn0.gstatic.com/images?q=tbn:ANd9GcRY7RYXhNEEOebEslyIgt9IFJ9bFD8sIEAr-oKHM_E8&s=0,50x50
Exotic Fruits,Exotic_Fruits_42.jpg,https://encrypted-tbn0.gstatic.com/images?q=tbn:ANd9GcSBt3tIZBmD3MU0NmyAnWgh7eV--gDb46xeOw&s,177x284
Exotic Fruits,Exotic_Fruits_43.jpg,https://encrypted-tbn0.gstatic.com/images?q=tbn:ANd9GcTnWuU1qmP9DSPcMPvksdwRQTMc6MWDHdz-RzNHasHm9tSQSZCNLZpFtAFt&s,80x46
Exotic Fruits,Exotic_Fruits_44.jpg,https://encrypted-tbn0.gstatic.com/images?q=tbn:ANd9GcRMeb-EckzKTvtGtS_7S0E8_ueOj5_FD2M1Pg&s,225x225
Exotic Fruits,Exotic_Fruits_45.jpg,https://encrypted-tbn0.gstatic.com/images?q=tbn:ANd9GcSs8fuGg86018_BbWpH4laMHrzo4Te1rTw1zfHceniFL5TnrlMBlzOu36o4&s,69x46
Exotic Fruits,Exotic_Fruits_46.jpg,https://encrypted-tbn0.gstatic.com/images?q=tbn:ANd9GcRYeAYsS-hPU2rILx4aL4ET_JEx-vGDO46UCg&s,194x259
Exotic Fruits,Exotic_Fruits_47.jpg,https://encrypted-tbn0.gstatic.com/images?q=tbn:ANd9GcQl1vsrVCTz1JVdiw79luE6xCYslahN0pENwA&s,225x225
Exotic Fruits,Exotic_Fruits_48.jpg,https://encrypted-tbn0.gstatic.com/images?q=tbn:ANd9GcQuAo8CyCkwsmRvbtwzUb6jE0ltgpET4rpzNg&s,180x281
Exotic Fruits,Exotic_Fruits_49.jpg,https://encrypted-tbn0.gstatic.com/images?q=tbn:ANd9GcTFueyyeoRrZAsEPCxHp5mlSglXzBhEr9o1jQ&s,251x201
Exotic Fruits,Exotic_Fruits_50.jpg,"https://encrypted-tbn3.gstatic.com/faviconV2?url=https://thebetterindia.com&client=IMAGE_SEARCH&size=16&type=FAVICON&fallback_opts=TYPE,SIZE,URL",16x16
Handmade Pottery,Handmade_Pottery_1.jpg,https://encrypted-tbn0.gstatic.com/images?q=tbn:ANd9GcS1dUuWFdObNlTnUIlHaeqGppoBA8U7TcF11IKou9wJQYp7xHY3z0J8QHW3&s,55x46
Handmade Pottery,Handmade_Pottery_2.jpg,https://encrypted-tbn0.gstatic.com/images?q=tbn:ANd9GcTdE8gMhAtGTDd3CGSDJ7re4Q1YLZfQ-O2u9Q&s,255x198
Handmade Pottery,Handmade_Pottery_3.jpg,https://encrypted-tbn0.gstatic.com/images?q=tbn:ANd9GcT-FQHS1aKNJ3iclzeWKrP1gZBZBy6oQhO3zQ&s,275x183
Handmade Pottery,Handmade_Pottery_4.jpg,https://encrypted-tbn0.gstatic.com/images?q=tbn:ANd9GcSGbliVsIrzEFDbYD_cjOuT1Q7_iJ0zqtL8JLY0WaYDcerkamRIiPOA&s=0,50x50
Handmade Pottery,Handmade_Pottery_5.jpg,https://encrypted-tbn0.gstatic.com/images?q=tbn:ANd9GcT7QCw0t7XzKSfYq_ddnyuKIpC3uV1uyTp20Q&s,275x183
Handmade Pottery,Handmade_Pottery_6.jpg,https://encrypted-tbn0.gstatic.com/images?q=tbn:ANd9GcR9WR1APJcPFsaB0q4hiLfDWgQMzk4_-NBYaw&s,299x168
Handmade Pottery,Handmade_Pottery_7.jpg,https://encrypted-tbn0.gstatic.com/images?q=tbn:ANd9GcQdUMK-6mqJ_6quVm_p4HXJZVTFEkre0vnS8g&s,194x259
Handmade Pottery,Handmade_Pottery_8.jpg,https://encrypted-tbn0.gstatic.com/images?q=tbn:ANd9GcSniFyMAd2jALJTVN2F6q8Be5wZWtVFcT0alA&s,275x183
Handmade Pottery,Handmade_Pottery_9.jpg,https://encrypted-tbn0.gstatic.com/images?q=tbn:ANd9GcTlY4-bpqV8hnikbXspaqENA4bEVfdb26Lx-Q&s,225x225
Handmade Pottery,Handmade_Pottery_10.jpg,https://encrypted-tbn0.gstatic.com/images?q=tbn:ANd9GcSf0u8f657u8oKPILdf4pXeABAzkh_oEDEtvg&s,259x194
Handmade Pottery,Handmade_Pottery_11.jpg,https://encrypted-tbn0.gstatic.com/images?q=tbn:ANd9GcTOZb5tn9z4tg6bca-Dw-uLrflRqwpoUr0UH3wDOCUV83lU34Xmh20v8W_I&s,50x46
Handmade Pottery,Handmade_Pottery_12.jpg,https://encrypted-tbn0.gstatic.com/images?q=tbn:ANd9GcSyl0_Z4vqnH3IgteLDcFm-aU_QEU65bDbZlt_MVYnhkT5x12t5kvzbBSOX&s,46x46
Handmade Pottery,Handmade_Pottery_13.jpg,https://encrypted-tbn0.gstatic.com/images?q=tbn:ANd9GcQGc9vTmnQUurbP_gTNgzVJlFp2ZCIcyC_cDA&s,201x251
Handmade Pottery,Handmade_Pottery_14.jpg,https://encrypted-tbn0.gstatic.com/images?q=tbn:ANd9GcTQCcCDkR4RIUJIy8gjAb_vOXbVom1KO_W05p61Ev31Oy4BeP7xd4pK951C&s,46x57
Handmade Pottery,Handmade_Pottery_15.jpg,https://encrypted-tbn0.gstatic.com/images?q=tbn:ANd9GcRoY4gG1z-ApvqB_7Wqqd3gNSy_CzJsQveq-7P7KGmbPQuw7Yv33-JW_vRY&s,46x50
Handmade Pottery,Handmade_Pottery_17.jpg,https://encrypted-tbn0.gstatic.com/images?q=tbn:ANd9GcRJtskrHliH2ldhPZXixlHhh_w8hnkAJB6gQ1YCS7o4&s=0,50x50
Handmade Pottery,Handmade_Pottery_18.jpg,"https://encrypted-tbn0.gstatic.com/faviconV2?url=https://www.kness.fr&client=IMAGE_SEARCH&size=16&type=FAVICON&fallback_opts=TYPE,SIZE,URL",16x16
Handmade Pottery,Handmade_Pottery_19.jpg,https://encrypted-tbn0.gstatic.com/images?q=tbn:ANd9GcRHCFWlnPbl2JUP_sFiIN-QOWfPCiNwtnS5UA&s,300x168
Handmade Pottery,Handmade_Pottery_20.jpg,"https://encrypted-tbn2.gstatic.com/faviconV2?url=https://projectorium.eu&client=IMAGE_SEARCH&size=16&type=FAVICON&fallback_opts=TYPE,SIZE,URL",16x16
Handmade Pottery,Handmade_Pottery_21.jpg,https://encrypted-tbn0.gstatic.com/images?q=tbn:ANd9GcSUqG6QUf6jcQnuOTkkuMg_E-PSWhUZembOeQ&s,193x261
Handmade Pottery,Handmade_Pottery_22.jpg,"https://encrypted-tbn2.gstatic.com/faviconV2?url=https://ambihome.in&client=IMAGE_SEARCH&size=16&type=FAVICON&fallback_opts=TYPE,SIZE,URL",16x16
Handmade Pottery,Handmade_Pottery_23.jpg,https://encrypted-tbn0.gstatic.com/images?q=tbn:ANd9GcSFpYeiTaVZfVIfBQoKrzXmJEJCGBjWXNCM9A&s,215x235
Handmade Pottery,Handmade_Pottery_24.jpg,https://encrypted-tbn0.gstatic.com/images?q=tbn:ANd9GcQpq5XHmdyARgy762d2g6bdhJ-Jeji4ZTug1A&s,225x225
Handmade Pottery,Handmade_Pottery_25.jpg,https://encrypted-tbn0.gstatic.com/images?q=tbn:ANd9GcRen9X7i3IhKdITDNxqp7LFXlcfNOuBQOPjYw&s,183x275
Handmade Pottery,Handmade_Pottery_26.jpg,https://encrypted-tbn0.gstatic.com/images?q=tbn:ANd9GcTW72b8jLOxkoikcpzxYrMyy2v1B9egc9ZqwQ&s,275x183
Handmade Pottery,Handmade_Pottery_27.jpg,https://encrypted-tbn0.gstatic.com/images?q=tbn:ANd9GcQTpXWnBwSPqmxNiTRenYrgLQuFm9fMtoQgrg&s,225x225
Handmade Pottery,Handmade_Pottery_28.jpg,"https://encrypted-tbn3.gstatic.com/faviconV2?url=https://ikaiasai.com&client=IMAGE_SEARCH&size=16&type=FAVICON&fallback_opts=TYPE,SIZE,URL",16x16
Handmade Pottery,Handmade_Pottery_29.jpg,https://encrypted-tbn0.gstatic.com/images?q=tbn:ANd9GcQ0hDDOWoJfYDy54Xlu0WFEQXbnpzHprsG0yw&s,183x275
Handmade Pottery,Handmade_Pottery_30.jpg,https://encrypted-tbn0.gstatic.com/images?q=tbn:ANd9GcQ1r2tJRSS5xFKnfscPRRvWGbseDiZ16sJhsQ&s,225x225
Handmade Pottery,Handmade_Pottery_31.jpg,https://encrypted-tbn0.gstatic.com/images?q=tbn:ANd9GcRgXh7vp3p38Ut12S2PoRWWOC8tTrYCabqhFw&s,259x194
Handmade Pottery,Handmade_Pottery_32.jpg,https://encrypted-tbn0.gstatic.com/images?q=tbn:ANd9GcTgYY-Su0sJYHmhdA7-im00vIThbbbMKXtNSw&s,200x251
Handmade Pottery,Handmade_Pottery_33.jpg,https://encrypted-tbn0.gstatic.com/images?q=tbn:ANd9GcRTU9FnNh_Q7kugUWypUbjTVYHtyubFamn12A&s,411x122
Handmade Pottery,Handmade_Pottery_34.jpg,https://encrypted-tbn0.gstatic.com/images?q=tbn:ANd9GcS85N88qeufBno-_x7tLrKAcHhAaSxud-UUyw&s,225x225
Handmade Pottery,Handmade_Pottery_35.jpg,https://encrypted-tbn0.gstatic.com/images?q=tbn:ANd9GcSAptq6O7_HgcH9bPaKirhZHIFHIQSiKm7xNQ&s,313x161
Handmade Pottery,Handmade_Pottery_36.jpg,https://encrypted-tbn0.gstatic.com/images?q=tbn:ANd9GcSWNS_SwzBrbtGgPgU9fUK7uzaU5JG7LH9E6A&s,225x225
Handmade Pottery,Handmade_Pottery_37.jpg,https://encrypted-tbn0.gstatic.com/images?q=tbn:ANd9GcRB9ttNasYAAEC8Iy-OUtHDTQ2R9bxndc9xHQ&s,275x183
Handmade Pottery,Handmade_Pottery_38.jpg,https://encrypted-tbn0.gstatic.com/images?q=tbn:ANd9GcTEHc47ZMa8MA2SOn9urnA6fIrLCsjvpLQYWg&s,206x244
Handmade Pottery,Handmade_Pottery_39.jpg,https://encrypted-tbn0.gstatic.com/images?q=tbn:ANd9GcTXuwWlihh5SM0sk-0AF9jQuFk7PlCtz2CWcg&s,225x225
Handmade Pottery,Handmade_Pottery_40.jpg,https://encrypted-tbn0.gstatic.com/images?q=tbn:ANd9GcSlJ28TWonJP8vD7OOI6rA5qhV2qFE0AWYVhg&s,402x125
Handmade Pottery,Handmade_Pottery_41.jpg,https://encrypted-tbn0.gstatic.com/images?q=tbn:ANd9GcTa6oYyY70vUyTKRpD-ASSedEyI7bv0Yk3m0Q&s,275x183
Handmade Pottery,Handmade_Pottery_42.jpg,https://encrypted-tbn0.gstatic.com/images?q=tbn:ANd9GcRCjit94gS6Ena25RM5xnoTKinQ2_hOOUpxCA&s,266x189
Handmade Pottery,Handmade_Pottery_43.jpg,https://encrypted-tbn0.gstatic.com/images?q=tbn:ANd9GcR-xxmcl1jp_tJIBDehtn_gT9mwswK77RrTEw&s,225x225
Handmade Pottery,Handmade_Pottery_44.jpg,https://encrypted-tbn0.gstatic.com/images?q=tbn:ANd9GcSNzXwHRqcgCedTQ6pSKhgPwpEjEHwgkmaYnA&s,225x225
Handmade Pottery,Handmade_Pottery_45.jpg,https://encrypted-tbn0.gstatic.com/images?q=tbn:ANd9GcS2onRjWAy90GAm9KSGxaC0cBSAIC2RIBk-plf7whrPJj2iNo3Rq_pL&s=0,50x50
Handmade Pottery,Handmade_Pottery_46.jpg,https://encrypted-tbn0.gstatic.com/images?q=tbn:ANd9GcSUhQuwI-qfd-F4oDcyjBixymN3BUdSSqc2xw&s,225x225
Handmade Pottery,Handmade_Pottery_47.jpg,https://encrypted-tbn0.gstatic.com/images?q=tbn:ANd9GcQVvNtq2Aq6QRa31eJnRDoN4SgqT9RO_rB31A&s,224x224
Handmade Pottery,Handmade_Pottery_48.jpg,https://encrypted-tbn0.gstatic.com/images?q=tbn:ANd9GcTcakv7pn1XO66YOmH0Yr-D2OJ5sIGVy3TYXg&s,300x168
Handmade Pottery,Handmade_Pottery_49.jpg,https://encrypted-tbn0.gstatic.com/images?q=tbn:ANd9GcSotrKqiJqa7voNkSPE_cjyAXgPi0KqXQQF7jiU0ccbG7jz-ARJ2lM4&s=0,50x50
Handmade Pottery,Handmade_Pottery_50.jpg,https://encrypted-tbn0.gstatic.com/images?q=tbn:ANd9GcTHYx1cve28xzLTKprSQ-iw45Lx_TkPQnJh43hkpSvcjOVqi6mAF0QsD5ui&s,46x69
Wildlife in Snow,Wildlife_in_Snow_1.jpg,https://encrypted-tbn0.gstatic.com/images?q=tbn:ANd9GcReP5Pln5P9Z0ZzR7K5WDlSV0GV4ux3dSbxVQ&s,271x186
Wildlife in Snow,Wildlife_in_Snow_2.jpg,https://encrypted-tbn0.gstatic.com/images?q=tbn:ANd9GcTerhr5-sxwre2wRjXaWe89cUYISgwdoF3tEA&s,287x175
Wildlife in Snow,Wildlife_in_Snow_3.jpg,https://encrypted-tbn0.gstatic.com/images?q=tbn:ANd9GcRKih9cxAkUVfi7YuS2ASmJFJb6fiS4DX1WIA&s,300x168
Wildlife in Snow,Wildlife_in_Snow_4.jpg,"https://encrypted-tbn1.gstatic.com/faviconV2?url=https://yellowstonesafari.com&client=IMAGE_SEARCH&size=16&type=FAVICON&fallback_opts=TYPE,SIZE,URL",16x16
Wildlife in Snow,Wildlife_in_Snow_5.jpg,https://encrypted-tbn0.gstatic.com/images?q=tbn:ANd9GcTzT3_XJt3FfBhWcVujPkbwK-Xy-TmOYROlCyUj6YmFLitXju2G1K9i&s=0,50x50
Wildlife in Snow,Wildlife_in_Snow_6.jpg,https://encrypted-tbn0.gstatic.com/images?q=tbn:ANd9GcQThgqp34J6Dzc2Bx2LX1jeYGAGvV8ndrMlIg&s,260x194
Wildlife in Snow,Wildlife_in_Snow_7.jpg,https://encrypted-tbn0.gstatic.com/images?q=tbn:ANd9GcTdk4tfBl8rIPiLxZziBIwtNWrb3-7FFagDXToOdLDtkjIFk61XlLZmvPkR&s,69x46
Wildlife in Snow,Wildlife_in_Snow_8.jpg,https://encrypted-tbn0.gstatic.com/images?q=tbn:ANd9GcTt3Cv3fDDroxSKyQWmxdRrYQpdlRDTbZ2TKA&s,259x194
Wildlife in Snow,Wildlife_in_Snow_9.jpg,https://encrypted-tbn0.gstatic.com/images?q=tbn:ANd9GcThCIG5peKnlRvlgOfAdIlql1PUsVOzsuRZaA&s,185x272
Wildlife in Snow,Wildlife_in_Snow_10.jpg,https://encrypted-tbn0.gstatic.com/images?q=tbn:ANd9GcQ92npqftxAhi1dLKP30RJOAPX-qnGF-n5qT8SfnuBq06UIPnoy_Xwxb_iO&s,82x46
Wildlife in Snow,Wildlife_in_Snow_11.jpg,https://encrypted-tbn0.gstatic.com/images?q=tbn:ANd9GcT26WmBWpBwu42Qth8IKMx-pgby5wPsJMX7QA&s,275x183
Wildlife in Snow,Wildlife_in_Snow_12.jpg,https://encrypted-tbn0.gstatic.com/images?q=tbn:ANd9GcSz_K4GZ0zSF2Ewl4D7kYSti7ZpKZOdMOlVIw&s,274x184
Wildlife in Snow,Wildlife_in_Snow_13.jpg,https://encrypted-tbn0.gstatic.com/images?q=tbn:ANd9GcR9RKbrrNOGZtszoSJhgS58FPuAWLLFiqs9Ew&s,265x190
Wildlife in Snow,Wildlife_in_Snow_14.jpg,https://encrypted-tbn0.gstatic.com/images?q=tbn:ANd9GcQiaAKC2SJhRAfhObhEyfK6-dfZZCSDM-K_Iw&s,346x145
Wildlife in Snow,Wildlife_in_Snow_15.jpg,https://encrypted-tbn0.gstatic.com/images?q=tbn:ANd9GcQU2rvX99kxkvS4SdBRE7TDGYS-PIuqC9KHsn8UqpBYHGBpxINo5kPTLwqd&s,65x46
Wildlife in Snow,Wildlife_in_Snow_17.jpg,https://encrypted-tbn0.gstatic.com/images?q=tbn:ANd9GcSY4OCh5Od3FXV5VasUVDdho9MvrIrU6D19gA&s,308x163
Wildlife in Snow,Wildlife_in_Snow_18.jpg,https://encrypted-tbn0.gstatic.com/images?q=tbn:ANd9GcSmZkq_8PVdCxMPvXqxzSTkurKvnYFsXYYvHw&s,300x168
Wildlife in Snow,Wildlife_in_Snow_19.jpg,"https://encrypted-tbn2.gstatic.com/faviconV2?url=https://petapixel.com&client=IMAGE_SEARCH&size=16&type=FAVICON&fallback_opts=TYPE,SIZE,URL",16x16
Wildlife in Snow,Wildlife_in_Snow_20.jpg,https://encrypted-tbn0.gstatic.com/images?q=tbn:ANd9GcRDItqosW5JHgN0TOJhqCgaGmtxt5Zr5kSr7Q&s,275x183
Wildlife in Snow,Wildlife_in_Snow_21.jpg,https://encrypted-tbn0.gstatic.com/images?q=tbn:ANd9GcSaW50wrIsZoXQcu5JfmN_fBY2l1X5cQphSRA&s,275x183
Wildlife in Snow,Wildlife_in_Snow_22.jpg,https://encrypted-tbn0.gstatic.com/images?q=tbn:ANd9GcSWWFahZZJkTZnAHzrh6yZRoQgzyhrn-Trm7kLgGNZj&s=0,50x50
Wildlife in Snow,Wildlife_in_Snow_23.jpg,https://encrypted-tbn0.gstatic.com/images?q=tbn:ANd9GcTodJA-X3upG0cDK_E7eonanXk67IuJbKWdzw&s,275x183
Wildlife in Snow,Wildlife_in_Snow_24.jpg,https://encrypted-tbn0.gstatic.com/images?q=tbn:ANd9GcQbp0WuVXg7smb_7aav-CtwXwae8DP71oRtGQ&s,275x183
Wildlife in Snow,Wildlife_in_Snow_26.jpg,https://encrypted-tbn0.gstatic.com/images?q=tbn:ANd9GcRmpgpXnCwm4m1eU0NbRCFCHj4ENWU2R4Wz6g&s,274x184
Wildlife in Snow,Wildlife_in_Snow_27.jpg,"https://encrypted-tbn0.gstatic.com/faviconV2?url=https://earthsky.org&client=IMAGE_SEARCH&size=16&type=FAVICON&fallback_opts=TYPE,SIZE,URL",16x16
Wildlife in Snow,Wildlife_in_Snow_28.jpg,https://encrypted-tbn0.gstatic.com/images?q=tbn:ANd9GcRCRNUnXKMqIi_I1qAQ0LldrXZ7ZYHlQ3MYMf9wXUPpdCNAv9CndP1t&s=0,50x50
Wildlife in Snow,Wildlife_in_Snow_29.jpg,https://encrypted-tbn0.gstatic.com/images?q=tbn:ANd9GcR26z68dg5dWKYAI88kLOeuyVlssS6us6t_wQ&s,259x194
Wildlife in Snow,Wildlife_in_Snow_30.jpg,https://encrypted-tbn0.gstatic.com/images?q=tbn:ANd9GcSsj5pJJd1EL5UQiXGk97T9KwaSDJbCQ2Eqxg&s,183x275
Wildlife in Snow,Wildlife_in_Snow_31.jpg,https://encrypted-tbn0.gstatic.com/images?q=tbn:ANd9GcQbHuEG9fpi18bytHrSoyNeBGWUabIj7zChXw&s,270x186
Wildlife in Snow,Wildlife_in_Snow_32.jpg,https://encrypted-tbn0.gstatic.com/images?q=tbn:ANd9GcQM8mEszBqRQQp2IR7OSt9mHqoq6JKD9v_eDA&s,275x183
Wildlife in Snow,Wildlife_in_Snow_33.jpg,https://encrypted-tbn0.gstatic.com/images?q=tbn:ANd9GcSQZ_wTCzTbAUVEDvKRYmHktIKT1U-LvYApCM0RRC3S29_E_pfXbpu0kl1P&s,69x46
Wildlife in Snow,Wildlife_in_Snow_34.jpg,https://encrypted-tbn0.gstatic.com/images?q=tbn:ANd9GcQ_A3p169ed7Tk39DVBANbhSNHyDZXkno-rLA&s,275x183
Wildlife in Snow,Wildlife_in_Snow_35.jpg,https://encrypted-tbn0.gstatic.com/images?q=tbn:ANd9GcT2F6CmuZYfz_etatjiz3FatXVNngunfC1LmA&s,243x208
Wildlife in Snow,Wildlife_in_Snow_36.jpg,https://encrypted-tbn0.gstatic.com/images?q=tbn:ANd9GcQIANHpGxChdnrW0tfykavOXFcpyYhFxH0ywQ&s,318x159
Wildlife in Snow,Wildlife_in_Snow_37.jpg,https://encrypted-tbn0.gstatic.com/images?q=tbn:ANd9GcTFNC03ExdMkgLFeCMGwkGke41WjKQqHCEznQ&s,275x183
Wildlife in Snow,Wildlife_in_Snow_38.jpg,https://encrypted-tbn0.gstatic.com/images?q=tbn:ANd9GcQVvZgfZAQoptLD_p8TIOYes55UVucaHokkoQ&s,275x183
Wildlife in Snow,Wildlife_in_Snow_39.jpg,https://encrypted-tbn0.gstatic.com/images?q=tbn:ANd9GcR1ZDp7EdHFre2avBqnxF5Gkz74CZ5quu8fPA8QVfz0sAs_8gOsuK1ynyYc&s,69x46
Wildlife in Snow,Wildlife_in_Snow_40.jpg,https://encrypted-tbn0.gstatic.com/images?q=tbn:ANd9GcQNpWbsyiOEAZsi-4VDDuCJoyG4UxIWj127pw&s,305x165
Wildlife in Snow,Wildlife_in_Snow_41.jpg,https://encrypted-tbn0.gstatic.com/images?q=tbn:ANd9GcQZG25DKgviSZGRmsl2LTq34b82G-RedrS-Og&s,277x182
Wildlife in Snow,Wildlife_in_Snow_42.jpg,"https://encrypted-tbn0.gstatic.com/faviconV2?url=https://news.mongabay.com&client=IMAGE_SEARCH&size=16&type=FAVICON&fallback_opts=TYPE,SIZE,URL",16x16
Wildlife in Snow,Wildlife_in_Snow_43.jpg,"https://encrypted-tbn1.gstatic.com/faviconV2?url=https://www.voyageurs.org&client=IMAGE_SEARCH&size=16&type=FAVICON&fallback_opts=TYPE,SIZE,URL",13x16
Wildlife in Snow,Wildlife_in_Snow_44.jpg,https://encrypted-tbn0.gstatic.com/images?q=tbn:ANd9GcTsnIqDw-YrDrDdM5v4aahM-jy3wRR7tC6nng&s,228x221
Wildlife in Snow,Wildlife_in_Snow_45.jpg,https://encrypted-tbn0.gstatic.com/images?q=tbn:ANd9GcS2_gjXtNYre12mfHQAZH91miCtBSi0Uw5GHw&s,275x183
Wildlife in Snow,Wildlife_in_Snow_46.jpg,"https://encrypted-tbn0.gstatic.com/faviconV2?url=https://livingat300main.ca&client=IMAGE_SEARCH&size=16&type=FAVICON&fallback_opts=TYPE,SIZE,URL",16x16
Wildlife in Snow,Wildlife_in_Snow_47.jpg,https://encrypted-tbn0.gstatic.com/images?q=tbn:ANd9GcQXTP1D5Hpt2_jmaLND5Afw-YENv5JUWIJVCQ&s,310x163
Wildlife in Snow,Wildlife_in_Snow_48.jpg,https://encrypted-tbn0.gstatic.com/images?q=tbn:ANd9GcQIEjNCW1AFo115v9W5avUX40Ng4CK_6ulOjg&s,275x183
Wildlife in Snow,Wildlife_in_Snow_49.jpg,https://encrypted-tbn0.gstatic.com/images?q=tbn:ANd9GcR2J-EWCC-HCSVLiP2MkN2qLh8sJzt2fiKn3w&s,251x201
Wildlife in Snow,Wildlife_in_Snow_50.jpg,"https://encrypted-tbn2.gstatic.com/faviconV2?url=https://www.countryliving.com&client=IMAGE_SEARCH&size=16&type=FAVICON&fallback_opts=TYPE,SIZE,URL",16x16
Abstract Paintings,Abstract_Paintings_1.jpg,https://encrypted-tbn0.gstatic.com/images?q=tbn:ANd9GcQXH1otLMWOGqAHW1iEsm8zjm2IGa85pnZqCUy5QHA9fNkNyZvc5xXF&s=0,50x50
Abstract Paintings,Abstract_Paintings_2.jpg,https://encrypted-tbn0.gstatic.com/images?q=tbn:ANd9GcQfwMqbpMwqTk7SyhmnzbuwuC-Oo0UADNsp3NyxGlbCvI08BziP4wK9Kl6g&s,46x57
Abstract Paintings,Abstract_Paintings_3.jpg,https://encrypted-tbn0.gstatic.com/images?q=tbn:ANd9GcRWxddtxouBJckqr9AkWP7cG_fQEDshOjF5Rw&s,226x223
Abstract Paintings,Abstract_Paintings_4.jpg,https://encrypted-tbn0.gstatic.com/images?q=tbn:ANd9GcSqbzqFR_bPVCacpgZyPtnPhMY-ZBsqgfGgIQ&s,199x253
Abstract Paintings,Abstract_Paintings_5.jpg,https://encrypted-tbn0.gstatic.com/images?q=tbn:ANd9GcRap98RO9UCUrq1yhD18Vi_HZJMh9YB1tCghw&s,283x178
Abstract Paintings,Abstract_Paintings_6.jpg,https://encrypted-tbn0.gstatic.com/images?q=tbn:ANd9GcRdraplySh-sTh_1P5Z3XIPd5i_UotjVC92FQ&s,277x182
Abstract Paintings,Abstract_Paintings_7.jpg,https://encrypted-tbn0.gstatic.com/images?q=tbn:ANd9GcQ4SBhFMADaZFeHAOyqaVZVI2PFTwAcF07vZQ&s,225x225
Abstract Paintings,Abstract_Paintings_8.jpg,https://encrypted-tbn0.gstatic.com/images?q=tbn:ANd9GcSCA6n2fpnp0oPPFX3n421PHKK37Z8-y0M-RA&s,225x225
Abstract Paintings,Abstract_Paintings_9.jpg,https://encrypted-tbn0.gstatic.com/images?q=tbn:ANd9GcQ331HTFuJKBqBvWFDMJBVUWZQMYfL-0Q6g7g&s,194x259
Abstract Paintings,Abstract_Paintings_10.jpg,https://encrypted-tbn0.gstatic.com/images?q=tbn:ANd9GcS1Tw6ZDMDkFlE_ZWkoWu8YMWJH0Eng2gLBXA&s,164x307
Abstract Paintings,Abstract_Paintings_11.jpg,https://encrypted-tbn0.gstatic.com/images?q=tbn:ANd9GcR6Ego7NZBrLMMT_jWZf6qYE67Hum7g5yvj8w&s,182x276
Abstract Paintings,Abstract_Paintings_12.jpg,https://encrypted-tbn0.gstatic.com/images?q=tbn:ANd9GcR-TtmhNkJr9qwbl5jz8wSI4lnxkM9UQvMqdA&s,225x224
Abstract Paintings,Abstract_Paintings_13.jpg,"https://encrypted-tbn2.gstatic.com/faviconV2?url=https://www.fizdi.com&client=IMAGE_SEARCH&size=16&type=FAVICON&fallback_opts=TYPE,SIZE,URL",16x16
Abstract Paintings,Abstract_Paintings_14.jpg,https://encrypted-tbn0.gstatic.com/images?q=tbn:ANd9GcQi2rAAN1AQEC-v5uZjISL06AY-bha9We0_2XISgQ8aggAmqcbptHlZViEI&s,46x46
Abstract Paintings,Abstract_Paintings_15.jpg,"https://encrypted-tbn3.gstatic.com/faviconV2?url=https://indianartideas.in&client=IMAGE_SEARCH&size=16&type=FAVICON&fallback_opts=TYPE,SIZE,URL",16x16
Abstract Paintings,Abstract_Paintings_16.jpg,https://encrypted-tbn0.gstatic.com/images?q=tbn:ANd9GcSL5p0heqpWls_oQNQslDZwG2p8L8EcXBe4sg&s,225x225
Abstract Paintings,Abstract_Paintings_17.jpg,https://encrypted-tbn0.gstatic.com/images?q=tbn:ANd9GcSvoEYgJr8IL75XotL2Q3wn3VQOnRuMU9zvdg&s,225x225
Abstract Paintings,Abstract_Paintings_19.jpg,https://encrypted-tbn0.gstatic.com/images?q=tbn:ANd9GcSH5gZfqo1U8--_zq8aRgRrNhDOsIfaVfo7Qg&s,176x287
Abstract Paintings,Abstract_Paintings_20.jpg,https://encrypted-tbn0.gstatic.com/images?q=tbn:ANd9GcRv4ioI5EPxI8yL-V2LO6qaPywpuQtDXVmnr-ncLXHTaVYqqmB614FR&s=0,50x50
Abstract Paintings,Abstract_Paintings_21.jpg,https://encrypted-tbn0.gstatic.com/images?q=tbn:ANd9GcR4JLpfagVCZKATBdfLwOMEX8dlsAuAZWm-cQ&s,168x300
Abstract Paintings,Abstract_Paintings_22.jpg,https://encrypted-tbn0.gstatic.com/images?q=tbn:ANd9GcT2iAcVFcJJ2zB7A81tYlTtEQG9xOWd9OhVTBlsaW9I8Hka6l7NlLXC&s=0,50x50
Abstract Paintings,Abstract_Paintings_23.jpg,https://encrypted-tbn0.gstatic.com/images?q=tbn:ANd9GcSnWF7ltR02EKGkS1LUjOz9SzRPXVpfOtsGbw&s,275x183
Abstract Paintings,Abstract_Paintings_24.jpg,https://encrypted-tbn0.gstatic.com/images?q=tbn:ANd9GcSIxdLGeRukTtbmCgqLKZh5DGd96v8a698wmg&s,199x253
Abstract Paintings,Abstract_Paintings_25.jpg,https://encrypted-tbn0.gstatic.com/images?q=tbn:ANd9GcQCE7rKZCEV6SvNTleOndOLK88mKnUhhnapyg&s,225x225
Abstract Paintings,Abstract_Paintings_26.jpg,https://encrypted-tbn0.gstatic.com/images?q=tbn:ANd9GcTscDXOV2Q0DxNKrZajmmstrYpUWIVqpYNRt4IF6Xl9gvpo406NiywmLjH0&s,46x46
Abstract Paintings,Abstract_Paintings_27.jpg,https://encrypted-tbn0.gstatic.com/images?q=tbn:ANd9GcSmaN3qIfcPZmq6kZjI4RvP_w_uzeWSivb_5w&s,225x225
Abstract Paintings,Abstract_Paintings_28.jpg,https://encrypted-tbn0.gstatic.com/images?q=tbn:ANd9GcRU_qCvTeNDkjL6g33edk90qhU1SZYWTdWAlg&s,225x225
Abstract Paintings,Abstract_Paintings_29.jpg,"https://encrypted-tbn3.gstatic.com/faviconV2?url=https://kotart.in&client=IMAGE_SEARCH&size=16&type=FAVICON&fallback_opts=TYPE,SIZE,URL",16x16
Abstract Paintings,Abstract_Paintings_30.jpg,https://encrypted-tbn0.gstatic.com/images?q=tbn:ANd9GcS1UkpBl2MsVoND5IoF3FT8u_oGgajl4Ih1nw&s,194x259
Abstract Paintings,Abstract_Paintings_31.jpg,https://encrypted-tbn0.gstatic.com/images?q=tbn:ANd9GcSzrjokQcwYk1EqCboJ4N93zD4EbO25ruCp5A&s,283x178
Abstract Paintings,Abstract_Paintings_32.jpg,https://encrypted-tbn0.gstatic.com/images?q=tbn:ANd9GcS5tmle54PzzRqavqgctNO0LfTCywuSLTrFkw&s,197x255
Abstract Paintings,Abstract_Paintings_33.jpg,https://encrypted-tbn0.gstatic.com/images?q=tbn:ANd9GcRrzt8pkRI3PfgyFq2I_ft0IXj54TVIhxeXwQ&s,275x183
Abstract Paintings,Abstract_Paintings_34.jpg,https://encrypted-tbn0.gstatic.com/images?q=tbn:ANd9GcRky3tmODEfYwmM4I4Hw96ECMp7Kqj-gqCsxQ&s,192x263
Abstract Paintings,Abstract_Paintings_35.jpg,"https://encrypted-tbn3.gstatic.com/faviconV2?url=https://theartling.com&client=IMAGE_SEARCH&size=16&type=FAVICON&fallback_opts=TYPE,SIZE,URL",16x16
Abstract Paintings,Abstract_Paintings_36.jpg,https://encrypted-tbn0.gstatic.com/images?q=tbn:ANd9GcT6LyBjLyJeMx9pWJG7wCF8hUkc7eY0ztpDVw&s,224x225
Abstract Paintings,Abstract_Paintings_37.jpg,https://encrypted-tbn0.gstatic.com/images?q=tbn:ANd9GcTtyPA2nHyul4j_F_kbvdYpjTbJAZXHaMTweA&s,300x168
Abstract Paintings,Abstract_Paintings_38.jpg,https://encrypted-tbn0.gstatic.com/images?q=tbn:ANd9GcT3HloHGgfIj21142z2KnOSsQ98UtwK07eoKg&s,259x194
Abstract Paintings,Abstract_Paintings_39.jpg,https://encrypted-tbn0.gstatic.com/images?q=tbn:ANd9GcQ1SLC6Or-WGvrc4m-tPSvDdIpBUe_Rds7nlw&s,189x266
Abstract Paintings,Abstract_Paintings_40.jpg,https://encrypted-tbn0.gstatic.com/images?q=tbn:ANd9GcR2dSvez1hiE4cV1PDWmYK7KTgIuoP7OIFqeA&s,314x160
Abstract Paintings,Abstract_Paintings_41.jpg,https://encrypted-tbn0.gstatic.com/images?q=tbn:ANd9GcTo-pEvzcxxxynSoSJeLEE9box0DvmT9986yQ&s,202x250
Abstract Paintings,Abstract_Paintings_42.jpg,https://encrypted-tbn0.gstatic.com/images?q=tbn:ANd9GcSfFsP7uVX_iyHHksPNQADAS8tlfETkMe5xRA&s,194x259
Abstract Paintings,Abstract_Paintings_43.jpg,https://encrypted-tbn0.gstatic.com/images?q=tbn:ANd9GcRZgBgi3okMpBERZPX4hwm5kyfy3qSqfc6mXQ&s,268x188
Abstract Paintings,Abstract_Paintings_44.jpg,https://encrypted-tbn0.gstatic.com/images?q=tbn:ANd9GcRNJwCqiZoIkZ-5tMEJ_uoilkuTdzDxKTdNC3qVuyjJim3Mc9AzGpPb9-MP&s,46x62
Abstract Paintings,Abstract_Paintings_45.jpg,https://encrypted-tbn0.gstatic.com/images?q=tbn:ANd9GcTv565V3WD5e-4CprCdAUHvEa3hSf1iGnoeTQ&s,210x240
Abstract Paintings,Abstract_Paintings_46.jpg,https://encrypted-tbn0.gstatic.com/images?q=tbn:ANd9GcTIBPP-lhIIgmv_EOHIZjJXhI35z1I1qZGJt8nX1DkvvSzphG25ql5GYcUm&s,61x46
Abstract Paintings,Abstract_Paintings_47.jpg,https://encrypted-tbn0.gstatic.com/images?q=tbn:ANd9GcRFgqzmilf_CMWV9xuMZSK6TtTTweY2styNpw&s,225x225
Abstract Paintings,Abstract_Paintings_48.jpg,https://encrypted-tbn0.gstatic.com/images?q=tbn:ANd9GcST6WXQotRgAK-TG-ZT8vRc2N-epsPg0wDZIr_6aParMc7uwdaQ_SptdHO3&s,82x46
Abstract Paintings,Abstract_Paintings_49.jpg,https://encrypted-tbn0.gstatic.com/images?q=tbn:ANd9GcRnvrQFk3MsChJmpmvutHXZr2ct9m9tYRsvLA&s,200x252
Abstract Paintings,Abstract_Paintings_50.jpg,https://encrypted-tbn0.gstatic.com/images?q=tbn:ANd9GcQ6VZoK5s4OdiwYdHOyOt_ABcGiVoEVI1w4TQ&s,269x187
Hot Air Balloons,Hot_Air_Balloons_1.jpg,https://encrypted-tbn0.gstatic.com/images?q=tbn:ANd9GcRVhKS9lvEqIVufOyrsSJEPNo8u_Zely6i-fA&s,183x275
Hot Air Balloons,Hot_Air_Balloons_2.jpg,https://encrypted-tbn0.gstatic.com/images?q=tbn:ANd9GcRlPGtHGNVmi4JwiZUZu1ehCwrakxFiItJ08Q&s,275x183
Hot Air Balloons,Hot_Air_Balloons_3.jpg,https://encrypted-tbn0.gstatic.com/images?q=tbn:ANd9GcQWuB4iDTT32NvfuUJs5p4MEmshIREtDan_nQ&s,284x177
Hot Air Balloons,Hot_Air_Balloons_4.jpg,https://encrypted-tbn0.gstatic.com/images?q=tbn:ANd9GcT25hCn_QQyBn3-hirqvZIFnAiqssxThAWdwQ&s,275x183
Hot Air Balloons,Hot_Air_Balloons_5.jpg,"https://encrypted-tbn0.gstatic.com/faviconV2?url=https://www.mentalfloss.com&client=IMAGE_SEARCH&size=16&type=FAVICON&fallback_opts=TYPE,SIZE,URL",16x16
Hot Air Balloons,Hot_Air_Balloons_6.jpg,https://encrypted-tbn0.gstatic.com/images?q=tbn:ANd9GcTNFbyuUJULZiVkNm7LCso_gvGk53mnSR_WOw&s,274x184
Hot Air Balloons,Hot_Air_Balloons_7.jpg,https://encrypted-tbn0.gstatic.com/images?q=tbn:ANd9GcRItnLFttJzKC-q6MNEIa2o_K3PSg4LOpYsoQ&s,275x183
Hot Air Balloons,Hot_Air_Balloons_8.jpg,"https://encrypted-tbn1.gstatic.com/faviconV2?url=https://en.wikipedia.org&client=IMAGE_SEARCH&size=16&type=FAVICON&fallback_opts=TYPE,SIZE,URL",16x16
Hot Air Balloons,Hot_Air_Balloons_9.jpg,https://encrypted-tbn0.gstatic.com/images?q=tbn:ANd9GcQUBHV7eq5eWaRD13dYeymOVEuXn9L4VXC5wA&s,275x183
Hot Air Balloons,Hot_Air_Balloons_10.jpg,https://encrypted-tbn0.gstatic.com/images?q=tbn:ANd9GcQpc9nwN_CqZrZUMcWwrKmb5sEGfNX0mb3ixQ&s,194x259
Hot Air Balloons,Hot_Air_Balloons_11.jpg,https://encrypted-tbn0.gstatic.com/images?q=tbn:ANd9GcRqksal-qXgkRUf3pwirRHMAzrFognzUm8W7A&s,300x168
Hot Air Balloons,Hot_Air_Balloons_12.jpg,"https://encrypted-tbn1.gstatic.com/faviconV2?url=https://www.bookmyballoons.in&client=IMAGE_SEARCH&size=16&type=FAVICON&fallback_opts=TYPE,SIZE,URL",16x16
Hot Air Balloons,Hot_Air_Balloons_13.jpg,https://encrypted-tbn0.gstatic.com/images?q=tbn:ANd9GcRAZCZLvhoisnB8_HkchN1SN-GDm1Wq_LAp-Q&s,275x183
Hot Air Balloons,Hot_Air_Balloons_14.jpg,https://encrypted-tbn0.gstatic.com/images?q=tbn:ANd9GcRyFv82nXJ7mMvlJ4Mm2QZEEdH1QHONwcKdTQ&s,366x138
Hot Air Balloons,Hot_Air_Balloons_15.jpg,https://encrypted-tbn0.gstatic.com/images?q=tbn:ANd9GcQdShleLvniI2am1YXw6eCKUuzeOt792BIwLw&s,193x261
Hot Air Balloons,Hot_Air_Balloons_16.jpg,"https://encrypted-tbn2.gstatic.com/faviconV2?url=https://indiathrills.com&client=IMAGE_SEARCH&size=16&type=FAVICON&fallback_opts=TYPE,SIZE,URL",16x16
Hot Air Balloons,Hot_Air_Balloons_17.jpg,https://encrypted-tbn0.gstatic.com/images?q=tbn:ANd9GcQBAD9mXkwgV6YGDsTTNlEbDvhuAXhFNsp_Gw&s,275x183
Hot Air Balloons,Hot_Air_Balloons_18.jpg,https://encrypted-tbn0.gstatic.com/images?q=tbn:ANd9GcQ1PDFAp3JAdZywHtaTg8B8k5NweS75TlPH4iuSpM-02tji6VqIHR7jhoAG&s,46x64
Hot Air Balloons,Hot_Air_Balloons_19.jpg,https://encrypted-tbn0.gstatic.com/images?q=tbn:ANd9GcTlh0VZ8Jdin6odrT-oppSo2zcSzJxhqj0FzYqTNMPzyS33Pyj7Q-B_FePW&s,69x46
Hot Air Balloons,Hot_Air_Balloons_21.jpg,https://encrypted-tbn0.gstatic.com/images?q=tbn:ANd9GcTzpGPgx86Mqn4mVk2q363we_yBLfbKiJuTPA&s,300x168
Hot Air Balloons,Hot_Air_Balloons_22.jpg,"https://encrypted-tbn2.gstatic.com/faviconV2?url=https://www.oyorooms.com&client=IMAGE_SEARCH&size=16&type=FAVICON&fallback_opts=TYPE,SIZE,URL",16x16
Hot Air Balloons,Hot_Air_Balloons_23.jpg,https://encrypted-tbn0.gstatic.com/images?q=tbn:ANd9GcTSwtGSNMxPhhblQePubJ23rnim79fCBIdZPw&s,275x183
Hot Air Balloons,Hot_Air_Balloons_24.jpg,https://encrypted-tbn0.gstatic.com/images?q=tbn:ANd9GcRHbXPQoBIACXIcYBU0qtz_hrcU5tzAD_LKGw&s,224x225
Hot Air Balloons,Hot_Air_Balloons_25.jpg,https://encrypted-tbn0.gstatic.com/images?q=tbn:ANd9GcSFAW5pMsO0JHwj2S6aM4XgsrM-9hiPLGgOXg&s,259x194
Hot Air Balloons,Hot_Air_Balloons_26.jpg,https://encrypted-tbn0.gstatic.com/images?q=tbn:ANd9GcRIx3_V5bsDDrKBwPQStzBwIUl5Ixwp5hnz2w&s,284x177
Hot Air Balloons,Hot_Air_Balloons_27.jpg,https://encrypted-tbn0.gstatic.com/images?q=tbn:ANd9GcQw2RBEUaze5o8ndAvViO6stwxe0nMa1wsCOZVc59dk7v0xRgigjPW5jYzH&s,69x46
Hot Air Balloons,Hot_Air_Balloons_28.jpg,https://encrypted-tbn0.gstatic.com/images?q=tbn:ANd9GcQvavVxXcN6x2ZUY3G1h7DStJLXeRlsLBqpmw&s,194x259
Hot Air Balloons,Hot_Air_Balloons_29.jpg,https://encrypted-tbn0.gstatic.com/images?q=tbn:ANd9GcTc4QSMQtM1rnXWSZ9VWpzpcWdl8Dfyfy8_7Q7nIXkVZZ60REbRPct3k52x&s,46x61
Hot Air Balloons,Hot_Air_Balloons_30.jpg,https://encrypted-tbn0.gstatic.com/images?q=tbn:ANd9GcTzwmh_-gbRfFNgMISIOQMQ3Tak5AmPo3Rv5W1n4WDHmH_EECE8nBUF&s=0,50x50
Hot Air Balloons,Hot_Air_Balloons_31.jpg,https://encrypted-tbn0.gstatic.com/images?q=tbn:ANd9GcT4LQOH-fQ_pI_me_TdA4m8ufvgk9Ry42BJ0g&s,300x168
Hot Air Balloons,Hot_Air_Balloons_32.jpg,"https://encrypted-tbn3.gstatic.com/faviconV2?url=https://www.viator.com&client=IMAGE_SEARCH&size=16&type=FAVICON&fallback_opts=TYPE,SIZE,URL",16x16
Hot Air Balloons,Hot_Air_Balloons_33.jpg,https://encrypted-tbn0.gstatic.com/images?q=tbn:ANd9GcRFN69yI68FCFKQQ41s4JT9uUJLTceGUr1I7g&s,220x220
Hot Air Balloons,Hot_Air_Balloons_34.jpg,https://encrypted-tbn0.gstatic.com/images?q=tbn:ANd9GcQAPpFVGsGfzUuLoXwLOePiVP5zpKISAuX7jIogjUfdiGV5BCw8d-Bn&s=0,50x50
Hot Air Balloons,Hot_Air_Balloons_35.jpg,https://encrypted-tbn0.gstatic.com/images?q=tbn:ANd9GcRP0la9gEia1mi7QIrSc1hLBG2Fdrfytwf0QA&s,252x200
Hot Air Balloons,Hot_Air_Balloons_36.jpg,https://encrypted-tbn0.gstatic.com/images?q=tbn:ANd9GcTMNoLs2Fg5yWdR0hM41I6tnwXByGx26OxKj86K3Aka&s=0,50x50
Hot Air Balloons,Hot_Air_Balloons_37.jpg,https://encrypted-tbn0.gstatic.com/images?q=tbn:ANd9GcSJor-o2Mot7qlHF0gcAXGxoRaqi32kgDIuMw&s,365x138
Hot Air Balloons,Hot_Air_Balloons_38.jpg,https://encrypted-tbn0.gstatic.com/images?q=tbn:ANd9GcRl4B4KQQjWk5XFpmLUIykGfkmMYMvhUBA2N6B4ejjVPAwQfA3n2jH5DcQN&s,46x60
Hot Air Balloons,Hot_Air_Balloons_39.jpg,https://encrypted-tbn0.gstatic.com/images?q=tbn:ANd9GcTTzlpjOdyBpdfMK7_7B_cHf7YGl-AbxMAq9w&s,284x177
Hot Air Balloons,Hot_Air_Balloons_40.jpg,https://encrypted-tbn0.gstatic.com/images?q=tbn:ANd9GcTpJvbl1kQyZFfrs2ZrJRiiqwXZWTMo4os8Vw&s,183x275
Hot Air Balloons,Hot_Air_Balloons_41.jpg,"https://encrypted-tbn3.gstatic.com/faviconV2?url=https://balloonfiesta.com&client=IMAGE_SEARCH&size=16&type=FAVICON&fallback_opts=TYPE,SIZE,URL",16x16
Hot Air Balloons,Hot_Air_Balloons_42.jpg,https://encrypted-tbn0.gstatic.com/images?q=tbn:ANd9GcTzY9NdKnVKpNLY0Xu8c1u3bCXApeoNYsKSR3-FF-9815-FFnvdT_zNHC73&s,46x52
Hot Air Balloons,Hot_Air_Balloons_43.jpg,https://encrypted-tbn0.gstatic.com/images?q=tbn:ANd9GcRnMmR6QfsFiv_rqjYF9B1r_t2inizN1lQLcQ&s,275x183
Hot Air Balloons,Hot_Air_Balloons_44.jpg,https://encrypted-tbn0.gstatic.com/images?q=tbn:ANd9GcQh_jiNwUO4rPyzg1QPcRaBdiICNa62re2uYg&s,275x183
Hot Air Balloons,Hot_Air_Balloons_45.jpg,https://encrypted-tbn0.gstatic.com/images?q=tbn:ANd9GcT14eK2QR_7Q91XKBDsoaXQFFBdirYzUe521Q&s,300x168
Hot Air Balloons,Hot_Air_Balloons_46.jpg,https://encrypted-tbn0.gstatic.com/images?q=tbn:ANd9GcSm-c-cpQb9YKfqqw-gn2HzaQ3eQU0VmgCeLA&s,201x250
Hot Air Balloons,Hot_Air_Balloons_47.jpg,https://encrypted-tbn0.gstatic.com/images?q=tbn:ANd9GcQDH2Wng6pFNCGyCLNvfDN8_mdqlA1ZxcDhOQ&s,274x184
Hot Air Balloons,Hot_Air_Balloons_48.jpg,https://encrypted-tbn0.gstatic.com/images?q=tbn:ANd9GcSxPkhpJT1XDSUISsK84xYwncQ_b7v9yptWxw&s,277x182
Hot Air Balloons,Hot_Air_Balloons_49.jpg,https://encrypted-tbn0.gstatic.com/images?q=tbn:ANd9GcSqHr4_zQ_W3tZoYrQqsC5O4zBxvs4PxiiCcg&s,309x163
Hot Air Balloons,Hot_Air_Balloons_50.jpg,https://encrypted-tbn0.gstatic.com/images?q=tbn:ANd9GcTizI52rWucEOgwwfXNGAdl56ETpDVN9gyc0A&s,275x183
Lush Green Valleys,Lush_Green_Valleys_1.jpg,https://encrypted-tbn0.gstatic.com/images?q=tbn:ANd9GcQV5x_xj_5SSlUf1DCtn6xr6ZD0GSTo-CIIrQ&s,300x168
Lush Green Valleys,Lush_Green_Valleys_2.jpg,https://encrypted-tbn0.gstatic.com/images?q=tbn:ANd9GcSXRVsckstLCgqDrDKujyTlpzp5bFvakR4MkL5YPlZA&s=0,50x50
Lush Green Valleys,Lush_Green_Valleys_3.jpg,https://encrypted-tbn0.gstatic.com/images?q=tbn:ANd9GcRBO0xws1spIicazBhudDeYIgwV6p53-50IZw&s,259x194
Lush Green Valleys,Lush_Green_Valleys_4.jpg,https://encrypted-tbn0.gstatic.com/images?q=tbn:ANd9GcRsaboXIDTDAvHitBPEM54oTHNzAUq5igf4LA&s,259x194
Lush Green Valleys,Lush_Green_Valleys_5.jpg,https://encrypted-tbn0.gstatic.com/images?q=tbn:ANd9GcT1tgAh91-xJ3JEZdxjxUOju8MaUfT1grmNGQ&s,168x300
Lush Green Valleys,Lush_Green_Valleys_6.jpg,https://encrypted-tbn0.gstatic.com/images?q=tbn:ANd9GcRm0H7ms72f7vk__OYQbwX7F9OY1L07PIX3UA&s,262x192
Lush Green Valleys,Lush_Green_Valleys_7.jpg,https://encrypted-tbn0.gstatic.com/images?q=tbn:ANd9GcQHr5P1aMUoIgvYqvDpyJ1DqK4tD06dHlFcjQ&s,275x183
Lush Green Valleys,Lush_Green_Valleys_8.jpg,https://encrypted-tbn0.gstatic.com/images?q=tbn:ANd9GcR7fMFNOxD5zErtydTqZOoA9-clo_2ipV2RqA&s,318x159
Lush Green Valleys,Lush_Green_Valleys_9.jpg,https://encrypted-tbn0.gstatic.com/images?q=tbn:ANd9GcSDAW9LI4n61WfB9s2eNFDKIgeQf_zQbCIYFw&s,259x194
Lush Green Valleys,Lush_Green_Valleys_10.jpg,https://encrypted-tbn0.gstatic.com/images?q=tbn:ANd9GcS2RwAMbbpwe8QcWyu3xBe1EwGZfw92uT0luw&s,300x168
Lush Green Valleys,Lush_Green_Valleys_11.jpg,https://encrypted-tbn0.gstatic.com/images?q=tbn:ANd9GcR3doMcarZcmd0-AE0pa4312OlMGoHsMczw8A&s,275x183
Lush Green Valleys,Lush_Green_Valleys_12.jpg,"https://encrypted-tbn3.gstatic.com/faviconV2?url=https://www.treebo.com&client=IMAGE_SEARCH&size=16&type=FAVICON&fallback_opts=TYPE,SIZE,URL",16x16
Lush Green Valleys,Lush_Green_Valleys_14.jpg,https://encrypted-tbn0.gstatic.com/images?q=tbn:ANd9GcQnkDDEyPqcWiZgA47f9Wn1dlR-6OHahtnrqA&s,194x259
Lush Green Valleys,Lush_Green_Valleys_15.jpg,https://encrypted-tbn0.gstatic.com/images?q=tbn:ANd9GcRAuK0_9xu9GYQTTEiZ3dm-SxQlM_6fwRuIJT61ayaDjAMu15Yx4VUXs_la&s,69x46
Lush Green Valleys,Lush_Green_Valleys_16.jpg,https://encrypted-tbn0.gstatic.com/images?q=tbn:ANd9GcT8JOh0mYbLL_o1Licln-tQL5GTr19b3ePH7w&s,225x225
Lush Green Valleys,Lush_Green_Valleys_17.jpg,https://encrypted-tbn0.gstatic.com/images?q=tbn:ANd9GcQD4nGUonXKKLG0UM3Z3RAblWuXd8uVy-3IZg&s,275x183
Lush Green Valleys,Lush_Green_Valleys_18.jpg,https://encrypted-tbn0.gstatic.com/images?q=tbn:ANd9GcTdy0O1CHTWXYNJeLJNrm3d8gwyo5oF23MjoA&s,272x185
Lush Green Valleys,Lush_Green_Valleys_19.jpg,https://encrypted-tbn0.gstatic.com/images?q=tbn:ANd9GcQXUoIQYi1ZtGUS5qeveOiJ6XJafm8Y1P_spg&s,195x259
Lush Green Valleys,Lush_Green_Valleys_20.jpg,https://encrypted-tbn0.gstatic.com/images?q=tbn:ANd9GcQWaDj4UXX3sAM4_LDNBYvgkszkmtVEDbHgGg&s,259x195
Lush Green Valleys,Lush_Green_Valleys_21.jpg,https://encrypted-tbn0.gstatic.com/images?q=tbn:ANd9GcQl25EjoJ9Ix33otu0bKNN1-7dePyu2tU4nkw&s,259x194
Lush Green Valleys,Lush_Green_Valleys_22.jpg,"https://encrypted-tbn0.gstatic.com/faviconV2?url=https://stockcake.com&client=IMAGE_SEARCH&size=16&type=FAVICON&fallback_opts=TYPE,SIZE,URL",16x16
Lush Green Valleys,Lush_Green_Valleys_23.jpg,https://encrypted-tbn0.gstatic.com/images?q=tbn:ANd9GcSvooVXeF34G5n7MPgT_tgSkipikvgPHV5VaQ&s,259x194
Lush Green Valleys,Lush_Green_Valleys_24.jpg,https://encrypted-tbn0.gstatic.com/images?q=tbn:ANd9GcSyS-7EP3dT1IM-itpFCCilhdJAWbgukDbeqw&s,275x183
Lush Green Valleys,Lush_Green_Valleys_25.jpg,https://encrypted-tbn0.gstatic.com/images?q=tbn:ANd9GcRgOihwJ1HO_9dLT-YGUeciZ6qwcV2CjicJ-uAphBmNuAkkYdrOwask&s=0,50x50
Lush Green Valleys,Lush_Green_Valleys_26.jpg,"https://encrypted-tbn3.gstatic.com/faviconV2?url=https://www.hireacamp.com&client=IMAGE_SEARCH&size=16&type=FAVICON&fallback_opts=TYPE,SIZE,URL",16x16
Lush Green Valleys,Lush_Green_Valleys_27.jpg,"https://encrypted-tbn0.gstatic.com/faviconV2?url=https://www.booking.com&client=IMAGE_SEARCH&size=16&type=FAVICON&fallback_opts=TYPE,SIZE,URL",16x16
Lush Green Valleys,Lush_Green_Valleys_28.jpg,https://encrypted-tbn0.gstatic.com/images?q=tbn:ANd9GcTVRHr6dpBL91Dr8dlzFTRpRilg15AL0zO7bg&s,300x168
Lush Green Valleys,Lush_Green_Valleys_29.jpg,https://encrypted-tbn0.gstatic.com/images?q=tbn:ANd9GcTSxluxU1BB6MeMjOrkBbnBokU3cZ5TsTfKSA&s,286x176
Lush Green Valleys,Lush_Green_Valleys_30.jpg,https://encrypted-tbn0.gstatic.com/images?q=tbn:ANd9GcSNOcxUKMh0zJp0cRLpJn0pMgrxCOw59cX7qA&s,256x197
Lush Green Valleys,Lush_Green_Valleys_31.jpg,https://encrypted-tbn0.gstatic.com/images?q=tbn:ANd9GcTZ0Pv54riRcX5sW1WEUMF9wyzELq6FkG97mg&s,276x183
Lush Green Valleys,Lush_Green_Valleys_32.jpg,https://encrypted-tbn0.gstatic.com/images?q=tbn:ANd9GcSZHTt0L4XlequWFldLnbCFglDycH9915AP4Q&s,289x174
Lush Green Valleys,Lush_Green_Valleys_33.jpg,https://encrypted-tbn0.gstatic.com/images?q=tbn:ANd9GcRU9QzIUq1cl258juYmlxjB-J12UwnY9q-muQ&s,297x170
Lush Green Valleys,Lush_Green_Valleys_34.jpg,https://encrypted-tbn0.gstatic.com/images?q=tbn:ANd9GcROlERLKtPbUIpixqP8f1Mk76edQLEDixkgbbpPHWZw-ANwvypOaw4TDEZ4&s,46x46
Lush Green Valleys,Lush_Green_Valleys_35.jpg,https://encrypted-tbn0.gstatic.com/images?q=tbn:ANd9GcTsOuqzA2-f4bH5TDP5QkLDr2Bsq7Pav6LSOw&s,318x159
Lush Green Valleys,Lush_Green_Valleys_36.jpg,https://encrypted-tbn0.gstatic.com/images?q=tbn:ANd9GcS5AkGqJE0u9UuPLSLeNdCzX1XKQlKt0030JVcvq3awMGwaH_cDBu2LWWu4&s,82x46
Lush Green Valleys,Lush_Green_Valleys_37.jpg,https://encrypted-tbn0.gstatic.com/images?q=tbn:ANd9GcQ4iXlgwOj8-vvsxjX66YILJAw64hy8N8tpfQ&s,300x168
Lush Green Valleys,Lush_Green_Valleys_38.jpg,"https://encrypted-tbn1.gstatic.com/faviconV2?url=https://www.freepik.com&client=IMAGE_SEARCH&size=16&type=FAVICON&fallback_opts=TYPE,SIZE,URL",16x16
Lush Green Valleys,Lush_Green_Valleys_39.jpg,https://encrypted-tbn0.gstatic.com/images?q=tbn:ANd9GcQBx4LG-8hXomindO8OTKHt2rHhBWNf70cmNg&s,284x177
Lush Green Valleys,Lush_Green_Valleys_40.jpg,"https://encrypted-tbn1.gstatic.com/faviconV2?url=https://tnnenglish.com&client=IMAGE_SEARCH&size=16&type=FAVICON&fallback_opts=TYPE,SIZE,URL",16x16
Lush Green Valleys,Lush_Green_Valleys_41.jpg,"https://encrypted-tbn0.gstatic.com/faviconV2?url=https://www.picxy.com&client=IMAGE_SEARCH&size=16&type=FAVICON&fallback_opts=TYPE,SIZE,URL",15x16
Lush Green Valleys,Lush_Green_Valleys_42.jpg,https://encrypted-tbn0.gstatic.com/images?q=tbn:ANd9GcR0DLj6fy1S-70fFJxzlcQZ-MdgjnH-LxmvGg&s,275x183
Lush Green Valleys,Lush_Green_Valleys_43.jpg,https://encrypted-tbn0.gstatic.com/images?q=tbn:ANd9GcQAqkQPWR9ojVZ3gfCKNh2n7h9Y0dy24DuPDQ&s,275x183
Lush Green Valleys,Lush_Green_Valleys_45.jpg,https://encrypted-tbn0.gstatic.com/images?q=tbn:ANd9GcTb26K3b2mUwmUlW24Ze6O80yswhhc_rZZuqA&s,275x183
Lush Green Valleys,Lush_Green_Valleys_46.jpg,https://encrypted-tbn0.gstatic.com/images?q=tbn:ANd9GcTW_a1P7KrvK68ek1xvRP4fk5E-pBRDID0s9w&s,225x225
Lush Green Valleys,Lush_Green_Valleys_47.jpg,https://encrypted-tbn0.gstatic.com/images?q=tbn:ANd9GcTyxODnLwc1VBJQmlMtNNFkpeKXcuBP_eyyJA&s,275x183
Lush Green Valleys,Lush_Green_Valleys_48.jpg,https://encrypted-tbn0.gstatic.com/images?q=tbn:ANd9GcShKf-LMcFs7staDrtdUL_wHhAJvry0Tk1O8A&s,168x300
Lush Green Valleys,Lush_Green_Valleys_49.jpg,https://encrypted-tbn0.gstatic.com/images?q=tbn:ANd9GcTR2oBvTftIjpBTY3-xId3NFd42OZY0CCGj5gg2ll3Ur48Zfjb6olqInlT3&s,69x46
Lush Green Valleys,Lush_Green_Valleys_50.jpg,https://encrypted-tbn0.gstatic.com/images?q=tbn:ANd9GcQQhA2TH1P4aCtyLs5GN1iYH-fhEo9K0cs19bipD0Bh&s=0,50x50
Robotic Arms,Robotic_Arms_1.jpg,https://encrypted-tbn0.gstatic.com/images?q=tbn:ANd9GcTmQhsqcgt7PfijUxxIdOp73lFggSmZbrq6Nw&s,216x233
Robotic Arms,Robotic_Arms_2.jpg,https://encrypted-tbn0.gstatic.com/images?q=tbn:ANd9GcQjFnn1rDUWKLW3QeBygRnZ5kmNOzUwNjL_jg&s,289x174
Robotic Arms,Robotic_Arms_3.jpg,https://encrypted-tbn0.gstatic.com/images?q=tbn:ANd9GcSIPb5sDW8Ye0uB-AV8txrNLKnMrGUgTCRXMA&s,227x222
Robotic Arms,Robotic_Arms_4.jpg,https://encrypted-tbn0.gstatic.com/images?q=tbn:ANd9GcQivkhQQyGEsUl1S8anb6MjGXW6iUMXIFL6Xw&s,225x225
Robotic Arms,Robotic_Arms_5.jpg,"https://encrypted-tbn1.gstatic.com/faviconV2?url=https://www.indiamart.com&client=IMAGE_SEARCH&size=16&type=FAVICON&fallback_opts=TYPE,SIZE,URL",16x16
Robotic Arms,Robotic_Arms_6.jpg,https://encrypted-tbn0.gstatic.com/images?q=tbn:ANd9GcSQDQSfoVJ-dybamed7pBgxyqLXH2qcvB-1bg&s,176x287
Robotic Arms,Robotic_Arms_7.jpg,https://encrypted-tbn0.gstatic.com/images?q=tbn:ANd9GcQqCk8nfXluf7FKf-PP9mzZ2OJlkjAz7AbPqKRh1hO_vid3lwJ0IaSglgx6&s,71x46
Robotic Arms,Robotic_Arms_8.jpg,https://encrypted-tbn0.gstatic.com/images?q=tbn:ANd9GcS-ITcgZM0FcH-KAHU2XUUvFvZv_9SdvrFNfvr2_ne3jMGWhI8b8Wg_&s=0,50x50
Robotic Arms,Robotic_Arms_9.jpg,https://encrypted-tbn0.gstatic.com/images?q=tbn:ANd9GcRV0RDJYiwSAvVYf_A6s2ZiEs4dIwwOiWbztA&s,275x183
Robotic Arms,Robotic_Arms_10.jpg,https://encrypted-tbn0.gstatic.com/images?q=tbn:ANd9GcQexsMmmuQABAmiJVvv_eUqFPqkdm88TGf5PQ&s,300x168
Robotic Arms,Robotic_Arms_11.jpg,https://encrypted-tbn0.gstatic.com/images?q=tbn:ANd9GcQ2oyWYef3hg3uykFQKa-tSxIe6aWa2rUK1JA&s,214x235
Robotic Arms,Robotic_Arms_12.jpg,https://encrypted-tbn0.gstatic.com/images?q=tbn:ANd9GcSJfPO-g53FWNdYmcvIpXn0tklPApVVA_d_kQ&s,220x229
Robotic Arms,Robotic_Arms_13.jpg,https://encrypted-tbn0.gstatic.com/images?q=tbn:ANd9GcSYOVluYt5DI8Qj-6uNx05qDbw3LU16ZatJYg&s,225x225
Robotic Arms,Robotic_Arms_14.jpg,https://encrypted-tbn0.gstatic.com/images?q=tbn:ANd9GcQzl3Xsi6ODUHg1QWvzFwV8xfqua88AWPpHDw&s,322x156
Robotic Arms,Robotic_Arms_16.jpg,https://encrypted-tbn0.gstatic.com/images?q=tbn:ANd9GcS6CdWhHfAmh-ARjl_IZd0ADVST89tRAH72-w&s,257x196
Robotic Arms,Robotic_Arms_17.jpg,https://encrypted-tbn0.gstatic.com/images?q=tbn:ANd9GcQrmaN-DPXjGEFovz2Yk-RiJyZIImFbaR0pBw&s,217x232
Robotic Arms,Robotic_Arms_18.jpg,https://encrypted-tbn0.gstatic.com/images?q=tbn:ANd9GcSGbjeciJZJwYjs_T2dhh8jur0g4h7CdQJisQ&s,258x195
Robotic Arms,Robotic_Arms_19.jpg,"https://encrypted-tbn1.gstatic.com/faviconV2?url=https://diy-robotics.com&client=IMAGE_SEARCH&size=16&type=FAVICON&fallback_opts=TYPE,SIZE,URL",16x16
Robotic Arms,Robotic_Arms_20.jpg,https://encrypted-tbn0.gstatic.com/images?q=tbn:ANd9GcRKlw6mjNG03tmYg0GWd7l1d4_tUuNxzHzxHQ&s,221x229
Robotic Arms,Robotic_Arms_21.jpg,https://encrypted-tbn0.gstatic.com/images?q=tbn:ANd9GcRuhXjo7b1mbWjRwdDVeyN8KuB8sMxHRhh-1g&s,225x225
Robotic Arms,Robotic_Arms_22.jpg,https://encrypted-tbn0.gstatic.com/images?q=tbn:ANd9GcTn3h2ekqUmGP1ec5h4OtwXJxknDopmysewbUjwFzPp&s=0,50x50
Robotic Arms,Robotic_Arms_23.jpg,https://encrypted-tbn0.gstatic.com/images?q=tbn:ANd9GcSYrTjLwWWvgWI_-p7xb822twdovso9amFWJw&s,275x183
Robotic Arms,Robotic_Arms_24.jpg,https://encrypted-tbn0.gstatic.com/images?q=tbn:ANd9GcS3thcSMG3ckw9O2gl4a3s9ZBVgda-8nXzvW2ysfyo8&s=0,50x50
Robotic Arms,Robotic_Arms_25.jpg,https://encrypted-tbn0.gstatic.com/images?q=tbn:ANd9GcQGW2TSnAJw64kH4jPP2vnc4JhAX50mJm3a_Q&s,262x192
Robotic Arms,Robotic_Arms_26.jpg,https://encrypted-tbn0.gstatic.com/images?q=tbn:ANd9GcSH3UZiPuu6DjgXwU6V0N1gJFb_AomS2WDS6w&s,251x201
Robotic Arms,Robotic_Arms_27.jpg,https://encrypted-tbn0.gstatic.com/images?q=tbn:ANd9GcT7LiPuApzBwOdL2XC_BdBqZXDu0qJzNbcWPaqahV9mK53Ywt7qrW8277_o&s,46x89
Robotic Arms,Robotic_Arms_28.jpg,https://encrypted-tbn0.gstatic.com/images?q=tbn:ANd9GcRi5yyvlJ4eXefc_p_hBavTS21m5WpencJsiA&s,296x170
Robotic Arms,Robotic_Arms_29.jpg,https://encrypted-tbn0.gstatic.com/images?q=tbn:ANd9GcQ0TBed7M_guI-fqZDToqWQ0LuuaYCFnaz2Bg&s,225x225
Robotic Arms,Robotic_Arms_30.jpg,"https://encrypted-tbn3.gstatic.com/faviconV2?url=https://www.alamy.com&client=IMAGE_SEARCH&size=16&type=FAVICON&fallback_opts=TYPE,SIZE,URL",16x16
Robotic Arms,Robotic_Arms_31.jpg,https://encrypted-tbn0.gstatic.com/images?q=tbn:ANd9GcQssnqRWCyNb4KIs2d6hykqT5mOqDr-pQfGddTkoiXFcXtcc_XITKMW785Q&s,46x49
Robotic Arms,Robotic_Arms_32.jpg,https://encrypted-tbn0.gstatic.com/images?q=tbn:ANd9GcQY-86ed-k8hMwh8hasWtG2_DL4I9NXctvN4Q&s,261x193
Robotic Arms,Robotic_Arms_33.jpg,https://encrypted-tbn0.gstatic.com/images?q=tbn:ANd9GcSFUsLvXX6ct7JkdkdaRwEYl7KVRYv3R7iZsw&s,276x183
Robotic Arms,Robotic_Arms_34.jpg,https://encrypted-tbn0.gstatic.com/images?q=tbn:ANd9GcTUvR3R-2gcLUUPKP1qsLexAJoa5dqpCyu-XA&s,225x225
Robotic Arms,Robotic_Arms_35.jpg,https://encrypted-tbn0.gstatic.com/images?q=tbn:ANd9GcQhxbIkoxsUxX9umkyE1Rriwt_VYCa0oIg-yWprTKi69qLXY0U9VNkC12ud&s,65x46
Robotic Arms,Robotic_Arms_36.jpg,https://encrypted-tbn0.gstatic.com/images?q=tbn:ANd9GcTyc7ETplweNHe0yObobuVApMijdxpji85ZS2HUfqqkM2ntOBTohw75Kz2N&s,61x46
Robotic Arms,Robotic_Arms_37.jpg,"https://encrypted-tbn1.gstatic.com/faviconV2?url=https://www.scic-robot.com&client=IMAGE_SEARCH&size=16&type=FAVICON&fallback_opts=TYPE,SIZE,URL",16x13
Robotic Arms,Robotic_Arms_38.jpg,https://encrypted-tbn0.gstatic.com/images?q=tbn:ANd9GcS4O2PFJD_vdf35lhHrkV1SjchaQEvl1MiYRg&s,300x162
Robotic Arms,Robotic_Arms_39.jpg,"https://encrypted-tbn1.gstatic.com/faviconV2?url=https://www.freepik.com&client=IMAGE_SEARCH&size=16&type=FAVICON&fallback_opts=TYPE,SIZE,URL",16x16
Robotic Arms,Robotic_Arms_40.jpg,https://encrypted-tbn0.gstatic.com/images?q=tbn:ANd9GcS_zM1IglfzI4lbYMZch2_RPS2jqZ1M70G0Ig&s,275x183
Robotic Arms,Robotic_Arms_41.jpg,"https://encrypted-tbn0.gstatic.com/faviconV2?url=https://aradmin.en.made-in-china.com&client=IMAGE_SEARCH&size=16&type=FAVICON&fallback_opts=TYPE,SIZE,URL",16x16
Robotic Arms,Robotic_Arms_42.jpg,https://encrypted-tbn0.gstatic.com/images?q=tbn:ANd9GcQCEY_pxW6tCc0V5mU3p96p5V_PUYj0ZI0yKNsY0SW4NUFZyq5BkKZ8n0r5&s,46x71
Robotic Arms,Robotic_Arms_43.jpg,https://encrypted-tbn0.gstatic.com/images?q=tbn:ANd9GcRC-RntYRwX-1ZK4qNeXv7SCAgngLPjyGwPUw&s,275x183
Robotic Arms,Robotic_Arms_44.jpg,https://encrypted-tbn0.gstatic.com/images?q=tbn:ANd9GcRkIZEdPfd30LUgpU1kjuDi9KQtXr8Fu__YwA&s,275x183
Robotic Arms,Robotic_Arms_45.jpg,"https://encrypted-tbn0.gstatic.com/faviconV2?url=https://www.engineering.com&client=IMAGE_SEARCH&size=16&type=FAVICON&fallback_opts=TYPE,SIZE,URL",16x16
Robotic Arms,Robotic_Arms_46.jpg,https://encrypted-tbn0.gstatic.com/images?q=tbn:ANd9GcRRIuPOjSEWdaCVzh8IdTamhqFzS_dMwFcCrA&s,271x186
Robotic Arms,Robotic_Arms_47.jpg,https://encrypted-tbn0.gstatic.com/images?q=tbn:ANd9GcTAjxj5PU37fQU7BMHTYEH6R972VuLe5_-1fQ&s,318x159
Robotic Arms,Robotic_Arms_48.jpg,https://encrypted-tbn0.gstatic.com/images?q=tbn:ANd9GcSRATLx6hTQ9w8T5XgYFeXVtmCaZAWt2q5Z6g&s,224x224
Robotic Arms,Robotic_Arms_49.jpg,https://encrypted-tbn0.gstatic.com/images?q=tbn:ANd9GcTfbIh7LhHboGQiIqyjahENdM3isiZW8LnF_g&s,225x225
Robotic Arms,Robotic_Arms_50.jpg,"https://encrypted-tbn1.gstatic.com/faviconV2?url=https://stock.adobe.com&client=IMAGE_SEARCH&size=16&type=FAVICON&fallback_opts=TYPE,SIZE,URL",16x16
Traditional Festivals,Traditional_Festivals_1.jpg,https://encrypted-tbn0.gstatic.com/images?q=tbn:ANd9GcQwFvO2te86q0mF2oltgVhusDrA0dJtuKLvqg&s,300x168
Traditional Festivals,Traditional_Festivals_2.jpg,https://encrypted-tbn0.gstatic.com/images?q=tbn:ANd9GcTjpbqjMPWXYi52HwZZw2S5TPIQcNFtuR-hvg&s,275x183
Traditional Festivals,Traditional_Festivals_3.jpg,https://encrypted-tbn0.gstatic.com/images?q=tbn:ANd9GcQ35cxPauoOKRXs7HWqbiG-I4UhOoRfX7--Cw&s,300x168
Traditional Festivals,Traditional_Festivals_4.jpg,https://encrypted-tbn0.gstatic.com/images?q=tbn:ANd9GcTjxdO3j7FskG_7ezgWBlgbdQdSf0qs2l9X1A&s,302x167
Traditional Festivals,Traditional_Festivals_5.jpg,"https://encrypted-tbn3.gstatic.com/faviconV2?url=https://www.outlooktraveller.com&client=IMAGE_SEARCH&size=16&type=FAVICON&fallback_opts=TYPE,SIZE,URL",16x16
Traditional Festivals,Traditional_Festivals_6.jpg,https://encrypted-tbn0.gstatic.com/images?q=tbn:ANd9GcQ1bk3rV1lgEuW6EWkb8hESNNEHBgHIRPeVDnpHTs8WshJcftjznqy_DCwr&s,69x46
Traditional Festivals,Traditional_Festivals_7.jpg,https://encrypted-tbn0.gstatic.com/images?q=tbn:ANd9GcQWCKzytB9kc2kJvDUZBae01Vptwj_wurQs1A&s,300x168
Traditional Festivals,Traditional_Festivals_8.jpg,https://encrypted-tbn0.gstatic.com/images?q=tbn:ANd9GcTbAoq3KctAwBMUtnrgamyu9PhM6lmcSxmwzQ&s,286x176
Traditional Festivals,Traditional_Festivals_9.jpg,https://encrypted-tbn0.gstatic.com/images?q=tbn:ANd9GcSz1-NK_7BEEPDiSgwJcW_ajprPtNCj1QVgyg&s,275x184
Traditional Festivals,Traditional_Festivals_10.jpg,https://encrypted-tbn0.gstatic.com/images?q=tbn:ANd9GcSg80pVVZHW97JnN10XJ_F9yZlLRmIy1etO7A&s,275x183
Traditional Festivals,Traditional_Festivals_12.jpg,https://encrypted-tbn0.gstatic.com/images?q=tbn:ANd9GcSMj99xMLMu8xQnwqy886ifZdWkeqM0LZTTiw&s,291x173
Traditional Festivals,Traditional_Festivals_13.jpg,"https://encrypted-tbn2.gstatic.com/faviconV2?url=https://www.fabhotels.com&client=IMAGE_SEARCH&size=16&type=FAVICON&fallback_opts=TYPE,SIZE,URL",16x16
Traditional Festivals,Traditional_Festivals_14.jpg,https://encrypted-tbn0.gstatic.com/images?q=tbn:ANd9GcTA7TfNw2OeXf0KhTPHJTnIpUE6OI5YppS-uA&s,363x139
Traditional Festivals,Traditional_Festivals_15.jpg,"https://encrypted-tbn3.gstatic.com/faviconV2?url=https://www.alkofholidays.com&client=IMAGE_SEARCH&size=16&type=FAVICON&fallback_opts=TYPE,SIZE,URL",16x16
Traditional Festivals,Traditional_Festivals_16.jpg,https://encrypted-tbn0.gstatic.com/images?q=tbn:ANd9GcSXCmsjaMJKIIujpWgChiU4ZCI0AXfYmTZwzw&s,275x183
Traditional Festivals,Traditional_Festivals_17.jpg,https://encrypted-tbn0.gstatic.com/images?q=tbn:ANd9GcS34Ynn58_Vkzq4rbGE3tVQAbR2abYZTfwH8N8UmyQZPYq0yVVE80F7&s=0,50x50
Traditional Festivals,Traditional_Festivals_18.jpg,https://encrypted-tbn0.gstatic.com/images?q=tbn:ANd9GcTvI-wmBtdwsW8b_jzjjqakZVqLdEqNMtCgjA&s,280x180
Traditional Festivals,Traditional_Festivals_19.jpg,https://encrypted-tbn0.gstatic.com/images?q=tbn:ANd9GcTvVG72vK_YXOGIlKQMR-rP8lbq2P3aKzaHug&s,322x156
Traditional Festivals,Traditional_Festivals_20.jpg,https://encrypted-tbn0.gstatic.com/images?q=tbn:ANd9GcStDztMf46R1xy1fVm10CGl5eW0bBSi_MbQTA&s,321x157
Traditional Festivals,Traditional_Festivals_21.jpg,https://encrypted-tbn0.gstatic.com/images?q=tbn:ANd9GcTv1U2Kbs3Y0v7rtzzOURQmHl2vlBMAp6-Z3Q&s,259x194
Traditional Festivals,Traditional_Festivals_22.jpg,https://encrypted-tbn0.gstatic.com/images?q=tbn:ANd9GcTvbgSoIMvHHLccdOp4BB2BBMK4YrrOyd36vV3Rtk26PoWwpSV8DPEbXAiQ&s,46x49
Traditional Festivals,Traditional_Festivals_23.jpg,https://encrypted-tbn0.gstatic.com/images?q=tbn:ANd9GcTx_25xv8Pdgz2TT4pBWTOQVpIR_Dz4nWjafQ&s,300x168
Traditional Festivals,Traditional_Festivals_24.jpg,https://encrypted-tbn0.gstatic.com/images?q=tbn:ANd9GcSKKsDlOAwbypvsEBMjBUcXY4sbq8fqrBfK9Q&s,300x168
Traditional Festivals,Traditional_Festivals_25.jpg,https://encrypted-tbn0.gstatic.com/images?q=tbn:ANd9GcRzysEgJTGyhJT854W1wSB0A0V-qFwvw0dbeQ&s,279x181
Traditional Festivals,Traditional_Festivals_26.jpg,https://encrypted-tbn0.gstatic.com/images?q=tbn:ANd9GcQyt81M9UilRuJvNmAfZE0pF2Cg5SiCp1nCZg&s,297x170
Traditional Festivals,Traditional_Festivals_27.jpg,"https://encrypted-tbn3.gstatic.com/faviconV2?url=https://www.justwravel.com&client=IMAGE_SEARCH&size=16&type=FAVICON&fallback_opts=TYPE,SIZE,URL",16x16
Traditional Festivals,Traditional_Festivals_28.jpg,https://encrypted-tbn0.gstatic.com/images?q=tbn:ANd9GcTZwQqNDGfh3Dv1GwJ5p4-2BLCL9-kZJylpV-DfilTStWizvSl-fmNwbPA3&s,69x46
Traditional Festivals,Traditional_Festivals_29.jpg,https://encrypted-tbn0.gstatic.com/images?q=tbn:ANd9GcQAZOIui2x_roOzWH-xUiVtJUvrvxsnSA_Ewg&s,295x171
Traditional Festivals,Traditional_Festivals_30.jpg,https://encrypted-tbn0.gstatic.com/images?q=tbn:ANd9GcRyU7zeqpsPQMhDUJ9Pe_s6mIXJkNE594yp9BPFzoyX&s=0,50x50
Traditional Festivals,Traditional_Festivals_31.jpg,https://encrypted-tbn0.gstatic.com/images?q=tbn:ANd9GcRTcwbokiq0TdfcskgQKqjThpIUR8qamaK1Tw&s,275x183
Traditional Festivals,Traditional_Festivals_32.jpg,https://encrypted-tbn0.gstatic.com/images?q=tbn:ANd9GcTfm_9zSYcy6VFYyH9dvO_LginG16le8y_RvQ&s,309x163
Traditional Festivals,Traditional_Festivals_33.jpg,https://encrypted-tbn0.gstatic.com/images?q=tbn:ANd9GcTGlANJbdF1LTxvNmRqOthdU8cqNnlg4r2o3g&s,275x183
Traditional Festivals,Traditional_Festivals_34.jpg,https://encrypted-tbn0.gstatic.com/images?q=tbn:ANd9GcTkAiXCGKOvuDfmtvTVumjyjXwdi9yTQAZ-uw&s,300x168
Traditional Festivals,Traditional_Festivals_35.jpg,https://encrypted-tbn0.gstatic.com/images?q=tbn:ANd9GcSlkRhYCjGhYUiX3YbiIggPcwTwRKj8S1Ei0R2F6YxEfkcrzmx0P5X2bLEa&s,46x46
Traditional Festivals,Traditional_Festivals_36.jpg,https://encrypted-tbn0.gstatic.com/images?q=tbn:ANd9GcTjdfboP2eoJV_PZvS1dasMKzO_cNi628wcdA&s,280x180
Traditional Festivals,Traditional_Festivals_37.jpg,https://encrypted-tbn0.gstatic.com/images?q=tbn:ANd9GcRETiFwKuQouWrcf_8N5fwJkWzddPiOilP-ZA&s,275x183
Traditional Festivals,Traditional_Festivals_38.jpg,"https://encrypted-tbn3.gstatic.com/faviconV2?url=https://www.trawell.in&client=IMAGE_SEARCH&size=16&type=FAVICON&fallback_opts=TYPE,SIZE,URL",16x16
Traditional Festivals,Traditional_Festivals_39.jpg,"https://encrypted-tbn2.gstatic.com/faviconV2?url=https://www.rajasthantourplanner.com&client=IMAGE_SEARCH&size=16&type=FAVICON&fallback_opts=TYPE,SIZE,URL",16x16
Traditional Festivals,Traditional_Festivals_40.jpg,https://encrypted-tbn0.gstatic.com/images?q=tbn:ANd9GcSQCusfkEAUrSirUDxX7gSgmJt87b3e6EIzeA&s,300x168
Traditional Festivals,Traditional_Festivals_41.jpg,"https://encrypted-tbn1.gstatic.com/faviconV2?url=https://www.hindustantimes.com&client=IMAGE_SEARCH&size=16&type=FAVICON&fallback_opts=TYPE,SIZE,URL",16x16
Traditional Festivals,Traditional_Festivals_43.jpg,"https://encrypted-tbn3.gstatic.com/faviconV2?url=https://staysturmfrei.com&client=IMAGE_SEARCH&size=16&type=FAVICON&fallback_opts=TYPE,SIZE,URL",16x16
Traditional Festivals,Traditional_Festivals_44.jpg,"https://encrypted-tbn0.gstatic.com/faviconV2?url=https://www.ttgmedia.com&client=IMAGE_SEARCH&size=16&type=FAVICON&fallback_opts=TYPE,SIZE,URL",16x16
Traditional Festivals,Traditional_Festivals_45.jpg,https://encrypted-tbn0.gstatic.com/images?q=tbn:ANd9GcThU9oAkbpignR4Pe6sE1SgAYB1Rl9-DN1QHg&s,264x191
Traditional Festivals,Traditional_Festivals_46.jpg,https://encrypted-tbn0.gstatic.com/images?q=tbn:ANd9GcTSAmoNa4qaTD-ceWu6Hm0SFUlrLJ9NgR1KA3o4eGtBb0t0P4W6EwunPv4n&s,57x46
Traditional Festivals,Traditional_Festivals_47.jpg,https://encrypted-tbn0.gstatic.com/images?q=tbn:ANd9GcQOv2vsGd2wEY2AyZM9LW1jQPG-3sfObuYTEocfJ0r7cfQpXh6fuoKccsoK&s,71x46
Traditional Festivals,Traditional_Festivals_48.jpg,https://encrypted-tbn0.gstatic.com/images?q=tbn:ANd9GcQz6G_avT-jKWW57nqhcwwJekd8fdacOU3TFw&s,289x174
Traditional Festivals,Traditional_Festivals_49.jpg,https://encrypted-tbn0.gstatic.com/images?q=tbn:ANd9GcQgPHAuEIZzV_AhYtstHDxve5sR-Xy-EU3zXA&s,271x186
Traditional Festivals,Traditional_Festivals_50.jpg,https://encrypted-tbn0.gstatic.com/images?q=tbn:ANd9GcQkgqpcgk1VLXxdNo7zDq5x4uEIex-4SuNVyQ&s,307x164
Crystal Caves,Crystal_Caves_1.jpg,https://encrypted-tbn0.gstatic.com/images?q=tbn:ANd9GcT35p-8nOqQrS7HN6UyerNSIce8H-xpjZ76LA&s,275x183
Crystal Caves,Crystal_Caves_2.jpg,"https://encrypted-tbn1.gstatic.com/faviconV2?url=https://pabucketlist.com&client=IMAGE_SEARCH&size=16&type=FAVICON&fallback_opts=TYPE,SIZE,URL",16x16
Crystal Caves,Crystal_Caves_3.jpg,"https://encrypted-tbn0.gstatic.com/faviconV2?url=https://travelsisters.co&client=IMAGE_SEARCH&size=16&type=FAVICON&fallback_opts=TYPE,SIZE,URL",16x16
Crystal Caves,Crystal_Caves_4.jpg,https://encrypted-tbn0.gstatic.com/images?q=tbn:ANd9GcR_mJRoPxzupvLV4lvinEU1sVIT9WWSYF_Kjw&s,274x184
Crystal Caves,Crystal_Caves_5.jpg,https://encrypted-tbn0.gstatic.com/images?q=tbn:ANd9GcS4qaXGBcbfz70vTJS0IauhAw3R6wT9Q8tXaw&s,300x168
Crystal Caves,Crystal_Caves_6.jpg,https://encrypted-tbn0.gstatic.com/images?q=tbn:ANd9GcSRqUsOubztzTvcj9lljvudCyszIPWrcPgWfw&s,275x183
Crystal Caves,Crystal_Caves_7.jpg,"https://encrypted-tbn2.gstatic.com/faviconV2?url=https://www.nationalgeographic.com&client=IMAGE_SEARCH&size=16&type=FAVICON&fallback_opts=TYPE,SIZE,URL",16x16
Crystal Caves,Crystal_Caves_8.jpg,https://encrypted-tbn0.gstatic.com/images?q=tbn:ANd9GcTLuvynNpGO_A_Jq0z7uw3sAxYYmy5kUsCcKw&s,259x194
Crystal Caves,Crystal_Caves_9.jpg,https://encrypted-tbn0.gstatic.com/images?q=tbn:ANd9GcTqURI3TIg39UBGOY_MMoa4I_82tjzyL5Ezuw&s,300x168
Crystal Caves,Crystal_Caves_10.jpg,https://encrypted-tbn0.gstatic.com/images?q=tbn:ANd9GcR7H4BtgfP-SXa-JMrOsGP40x2-gF2tJh-WSQ&s,275x183
Crystal Caves,Crystal_Caves_12.jpg,https://encrypted-tbn0.gstatic.com/images?q=tbn:ANd9GcS6oEZyBa2tFhTchxtP6t15yZEyR-xttL8RqQ&s,268x188
Crystal Caves,Crystal_Caves_13.jpg,https://encrypted-tbn0.gstatic.com/images?q=tbn:ANd9GcTX544_9MYxerTw3lbmfNwjasuUQ5PXGgadVzFIb2COMkr_egZp_4rR&s=0,50x50
Crystal Caves,Crystal_Caves_14.jpg,https://encrypted-tbn0.gstatic.com/images?q=tbn:ANd9GcTkRdqN977jPpJmrHHzPbAJ0-E7HiAvsHfIlQ&s,225x225
Crystal Caves,Crystal_Caves_15.jpg,https://encrypted-tbn0.gstatic.com/images?q=tbn:ANd9GcSD_lBsy_l3DbjIt2EfWImXMw5OldazOoverA&s,299x168
Crystal Caves,Crystal_Caves_16.jpg,"https://encrypted-tbn3.gstatic.com/faviconV2?url=https://www.travelweekly.com&client=IMAGE_SEARCH&size=16&type=FAVICON&fallback_opts=TYPE,SIZE,URL",16x16
Crystal Caves,Crystal_Caves_17.jpg,https://encrypted-tbn0.gstatic.com/images?q=tbn:ANd9GcSPiVO7-QcCv9C4Q_iF4clBeviEcUeimhVEJg&s,275x183
Crystal Caves,Crystal_Caves_18.jpg,https://encrypted-tbn0.gstatic.com/images?q=tbn:ANd9GcRkcu6RFUgZ7yTSpSAJ0Tqn7O1Q5fkNGLnE5w&s,260x194
Crystal Caves,Crystal_Caves_19.jpg,https://encrypted-tbn0.gstatic.com/images?q=tbn:ANd9GcTLJmCbDTU77w_MxedTpIisGiDYAA6Kr-l4yQ&s,275x183
Crystal Caves,Crystal_Caves_20.jpg,https://encrypted-tbn0.gstatic.com/images?q=tbn:ANd9GcQJ7IM6vxE12F4RHaS6lRSrhQCubQnWYNVKcSQOieAqtRLqlUrua9L1oZbI&s,46x46
Crystal Caves,Crystal_Caves_21.jpg,https://encrypted-tbn0.gstatic.com/images?q=tbn:ANd9GcSIMwwZYuMCfVfnS9HH4xguayE6xZJBqBwiyg&s,300x168
Crystal Caves,Crystal_Caves_22.jpg,https://encrypted-tbn0.gstatic.com/images?q=tbn:ANd9GcQpFHmoTsS6a1V1qkxIcAhecwHIY9FP9LzaRQ&s,275x183
Crystal Caves,Crystal_Caves_23.jpg,https://encrypted-tbn0.gstatic.com/images?q=tbn:ANd9GcT8Kmo2_oP2YoZFvBiseVX4U5_kMA39UTAzSA&s,259x194
Crystal Caves,Crystal_Caves_24.jpg,https://encrypted-tbn0.gstatic.com/images?q=tbn:ANd9GcTggLy8s7y24AizNsKvVl4YyDAxnZUkoFIN8g&s,299x168
Crystal Caves,Crystal_Caves_25.jpg,"https://encrypted-tbn2.gstatic.com/faviconV2?url=https://www.thailandee.com&client=IMAGE_SEARCH&size=16&type=FAVICON&fallback_opts=TYPE,SIZE,URL",16x16
Crystal Caves,Crystal_Caves_26.jpg,https://encrypted-tbn0.gstatic.com/images?q=tbn:ANd9GcQvHX_SfnrK4EUl4GUb1hH_nfrPxTFI_Hs3pA&s,275x183
Crystal Caves,Crystal_Caves_27.jpg,https://encrypted-tbn0.gstatic.com/images?q=tbn:ANd9GcTeuMY4h5H5BFSLUz4MS1nilr2KJldoXJfiqQ&s,241x209
Crystal Caves,Crystal_Caves_28.jpg,https://encrypted-tbn0.gstatic.com/images?q=tbn:ANd9GcTeyjeHej7EXsMOlCvWlIf6YAuNhZ8JxaULyQ&s,275x183
Crystal Caves,Crystal_Caves_29.jpg,https://encrypted-tbn0.gstatic.com/images?q=tbn:ANd9GcQZ9Clfetq-tQGGLO2bOkhz3FCe9g9lenYs6w&s,194x259
Crystal Caves,Crystal_Caves_30.jpg,https://encrypted-tbn0.gstatic.com/images?q=tbn:ANd9GcSMAoDzmqkVVH56mpOO0m-55Tac7Y5AKP9WSw&s,275x183
Crystal Caves,Crystal_Caves_31.jpg,https://encrypted-tbn0.gstatic.com/images?q=tbn:ANd9GcR0tXS6LDdUIPopcy3a_QdmEZzyUAXj2a5E8aIBjYQeg3SU7YUem6Z2IPxF&s,55x46
Crystal Caves,Crystal_Caves_32.jpg,https://encrypted-tbn0.gstatic.com/images?q=tbn:ANd9GcQvOqumzbxvAdcAD3PIhGXL-msi1JaO_G4O-g&s,275x183
Crystal Caves,Crystal_Caves_33.jpg,https://encrypted-tbn0.gstatic.com/images?q=tbn:ANd9GcQeQ7L4tnLmBgnCpIq_nZCSzuiYpaI-_OhfGA&s,225x225
Crystal Caves,Crystal_Caves_34.jpg,https://encrypted-tbn0.gstatic.com/images?q=tbn:ANd9GcRCaoeBNSnaEVcknmICZHdCtCP6QbPWQRcOdw&s,234x216
Crystal Caves,Crystal_Caves_35.jpg,https://encrypted-tbn0.gstatic.com/images?q=tbn:ANd9GcTm0vi-inOGTSbA519GayadQut6fjoUemeRGA&s,275x183
Crystal Caves,Crystal_Caves_36.jpg,https://encrypted-tbn0.gstatic.com/images?q=tbn:ANd9GcS8jvNpyV8foFl_TlJZHrD2PqK_gSszHUqTWg&s,284x177
Crystal Caves,Crystal_Caves_37.jpg,"https://encrypted-tbn2.gstatic.com/faviconV2?url=https://www.geologyin.com&client=IMAGE_SEARCH&size=16&type=FAVICON&fallback_opts=TYPE,SIZE,URL",16x16
Crystal Caves,Crystal_Caves_38.jpg,https://encrypted-tbn0.gstatic.com/images?q=tbn:ANd9GcTufp6mEc_Afb93uOzTrqsP132r10ZDE_TsAivAydiIobsBQQcIBKYJIKdZ&s,46x46
Crystal Caves,Crystal_Caves_39.jpg,https://encrypted-tbn0.gstatic.com/images?q=tbn:ANd9GcS6KUR3Q8oERDj3SyCBFlElM9z3USWuUTZi9Q&s,286x176
Crystal Caves,Crystal_Caves_40.jpg,https://encrypted-tbn0.gstatic.com/images?q=tbn:ANd9GcRRjx0-0EHA3lDEQc2E5TLQgE6Sar3YPkfncw&s,300x168
Crystal Caves,Crystal_Caves_41.jpg,https://encrypted-tbn0.gstatic.com/images?q=tbn:ANd9GcR2wxTcz5TMyugaR1xR5PMlzPTyAriMvDTJug&s,260x194
Crystal Caves,Crystal_Caves_42.jpg,https://encrypted-tbn0.gstatic.com/images?q=tbn:ANd9GcT9uO7MTxPsvtjx4wwZknOAEJCp6EyI8c6W-AzFquZGVD6QLOBuUNk4Jjpq&s,82x46
Crystal Caves,Crystal_Caves_43.jpg,https://encrypted-tbn0.gstatic.com/images?q=tbn:ANd9GcS46P8dYOLcDtrldVPOtHYkkKtayZuhicwg6A&s,201x251
Crystal Caves,Crystal_Caves_44.jpg,https://encrypted-tbn0.gstatic.com/images?q=tbn:ANd9GcS-_McUqfFYgeCDFHmwTjkfIX74XHFb3BWs7Q&s,275x183
Crystal Caves,Crystal_Caves_45.jpg,https://encrypted-tbn0.gstatic.com/images?q=tbn:ANd9GcRQo_zx_esU12fMHU-K6GOgl79UvSiPRBb1pw&s,259x194
Crystal Caves,Crystal_Caves_46.jpg,https://encrypted-tbn0.gstatic.com/images?q=tbn:ANd9GcS5_sPbIQyiHbsuCRmz3WL7SRzirtZ0eFtFHzQzWWKh&s=0,50x50
Crystal Caves,Crystal_Caves_47.jpg,https://encrypted-tbn0.gstatic.com/images?q=tbn:ANd9GcSzNSTokboIHM300FCTIwkGW17i0tuNZAQE4m9yU6G3&s=0,50x50
Crystal Caves,Crystal_Caves_48.jpg,https://encrypted-tbn0.gstatic.com/images?q=tbn:ANd9GcQvBaXGZetyacHPabmfLbFn7kpWvFMWQFnB80Yzm6357dM8S5jz6VHIrWZp&s,69x46
Crystal Caves,Crystal_Caves_49.jpg,https://encrypted-tbn0.gstatic.com/images?q=tbn:ANd9GcSefIyOakT5T2LRE1P0_hnRh7omaQOl3SH4Ww&s,194x259
Crystal Caves,Crystal_Caves_50.jpg,https://encrypted-tbn0.gstatic.com/images?q=tbn:ANd9GcTTlD5i-5OXBFLHJIptUHRSbEwbqyZ6meZRarZzF7LnwBkDdn1EyXe1tdE6&s,46x46
Desert Landscapes,Desert_Landscapes_1.jpg,https://encrypted-tbn0.gstatic.com/images?q=tbn:ANd9GcRcRQOLNig0Oh2YPwnxalUXcr32VMW8Qx2TXQ&s,275x184
Desert Landscapes,Desert_Landscapes_2.jpg,"https://encrypted-tbn2.gstatic.com/faviconV2?url=https://timesofindia.indiatimes.com&client=IMAGE_SEARCH&size=16&type=FAVICON&fallback_opts=TYPE,SIZE,URL",16x16
Desert Landscapes,Desert_Landscapes_3.jpg,https://encrypted-tbn0.gstatic.com/images?q=tbn:ANd9GcRL61ZxLoROp803GLepKVOf4b5nai5XE-Q0Ops3BcOKDefXo0b-HoJmQTER&s,69x46
Desert Landscapes,Desert_Landscapes_4.jpg,https://encrypted-tbn0.gstatic.com/images?q=tbn:ANd9GcTu1OPS9VepY_w46ymhJ7O2Ppdc-_JzvzsuaQ&s,275x183
Desert Landscapes,Desert_Landscapes_5.jpg,https://encrypted-tbn0.gstatic.com/images?q=tbn:ANd9GcSTRXoCmgP-291oZRlL_ekR0ovaBsawu541jw&s,299x169
Desert Landscapes,Desert_Landscapes_6.jpg,"https://encrypted-tbn0.gstatic.com/faviconV2?url=https://www.thoughtco.com&client=IMAGE_SEARCH&size=16&type=FAVICON&fallback_opts=TYPE,SIZE,URL",16x16
Desert Landscapes,Desert_Landscapes_7.jpg,https://encrypted-tbn0.gstatic.com/images?q=tbn:ANd9GcQJs108qQ5sfpj6cpq8AtV110ZifW931F2KNg&s,235x215
Desert Landscapes,Desert_Landscapes_8.jpg,https://encrypted-tbn0.gstatic.com/images?q=tbn:ANd9GcSQCjeIHD9KC_XM8iWXBFxzdtgY5Hk-WGbrvg&s,168x300
Desert Landscapes,Desert_Landscapes_9.jpg,https://encrypted-tbn0.gstatic.com/images?q=tbn:ANd9GcTXqxhQutROYysp8AoyPb5Y-HxfRtbKyVVN7A&s,300x168
Desert Landscapes,Desert_Landscapes_10.jpg,"https://encrypted-tbn1.gstatic.com/faviconV2?url=https://en.wikipedia.org&client=IMAGE_SEARCH&size=16&type=FAVICON&fallback_opts=TYPE,SIZE,URL",16x16
Desert Landscapes,Desert_Landscapes_11.jpg,https://encrypted-tbn0.gstatic.com/images?q=tbn:ANd9GcRen3Txek9yxxpdskR39vjUzCa97WFyCigjNw&s,275x183
Desert Landscapes,Desert_Landscapes_12.jpg,https://encrypted-tbn0.gstatic.com/images?q=tbn:ANd9GcQitFsDXEzPHQu--KoTuV7Nk1YZTCOYUcwgbw&s,299x168
Desert Landscapes,Desert_Landscapes_13.jpg,https://encrypted-tbn0.gstatic.com/images?q=tbn:ANd9GcSOTvVxFMXvF7q6JSr_vA9kUca2VZKHpz2M-qNjapOrURXgo6OgKrcWYU2Q&s,89x46
Desert Landscapes,Desert_Landscapes_14.jpg,https://encrypted-tbn0.gstatic.com/images?q=tbn:ANd9GcQ_5OZLhWUYxJOX-kWDGzB5q_NZL49MwQJbKQ&s,300x168
Desert Landscapes,Desert_Landscapes_15.jpg,https://encrypted-tbn0.gstatic.com/images?q=tbn:ANd9GcQNo4vozK0-I6C7FjYdzXYMIGpbfUenf8OIiA&s,284x177
Desert Landscapes,Desert_Landscapes_16.jpg,https://encrypted-tbn0.gstatic.com/images?q=tbn:ANd9GcTwbU3tQi-_sdXCZ7I-ZC2nLQBnQPHeYUbGgQ&s,276x183
Desert Landscapes,Desert_Landscapes_17.jpg,https://encrypted-tbn0.gstatic.com/images?q=tbn:ANd9GcQnTfIttxt7xm5dLZL8E4pAthr1yHdBeYksig&s,275x183
Desert Landscapes,Desert_Landscapes_18.jpg,https://encrypted-tbn0.gstatic.com/images?q=tbn:ANd9GcSKeb12fAMc9-AAq1NH2oaNnCde6z5OmsNoYtBsE3wIKQs9Ik082C3m&s=0,50x50
Desert Landscapes,Desert_Landscapes_19.jpg,"https://encrypted-tbn2.gstatic.com/faviconV2?url=https://www.boredpanda.com&client=IMAGE_SEARCH&size=16&type=FAVICON&fallback_opts=TYPE,SIZE,URL",16x16
Desert Landscapes,Desert_Landscapes_20.jpg,https://encrypted-tbn0.gstatic.com/images?q=tbn:ANd9GcRBDLQKr8zWbI_qmHRse0EFqcOQEBYCBwLbrQ&s,180x135
Desert Landscapes,Desert_Landscapes_22.jpg,https://encrypted-tbn0.gstatic.com/images?q=tbn:ANd9GcRgmnZzYBu3Fh2zT8WdS993Mz06EA-kUVtpHw&s,262x192
Desert Landscapes,Desert_Landscapes_23.jpg,"https://encrypted-tbn2.gstatic.com/faviconV2?url=https://www.youtube.com&client=IMAGE_SEARCH&size=16&type=FAVICON&fallback_opts=TYPE,SIZE,URL",16x16
Desert Landscapes,Desert_Landscapes_24.jpg,https://encrypted-tbn0.gstatic.com/images?q=tbn:ANd9GcSr8KAfZP-cg4VRrxUtTBsDcpeKGfTfEgiY2Q&s,276x183
Desert Landscapes,Desert_Landscapes_25.jpg,https://encrypted-tbn0.gstatic.com/images?q=tbn:ANd9GcSlBrP4liGjqJvnPVLa18YwzBucP45etLYc3g&s,210x240
Desert Landscapes,Desert_Landscapes_26.jpg,https://encrypted-tbn0.gstatic.com/images?q=tbn:ANd9GcQUNrGzXfuXUoFcl3RixqtUMBwL2k5IcO4VAQ&s,275x183
Desert Landscapes,Desert_Landscapes_27.jpg,https://encrypted-tbn0.gstatic.com/images?q=tbn:ANd9GcSFgA6TLHuk2UbgVqYN67XR1jOHI-9qe4s77A&s,259x194
Desert Landscapes,Desert_Landscapes_28.jpg,https://encrypted-tbn0.gstatic.com/images?q=tbn:ANd9GcQjVf6Kq8Kw0erSxQ3XDFnOUq8Z6hoNEe2Q7A&s,279x181
Desert Landscapes,Desert_Landscapes_29.jpg,"https://encrypted-tbn2.gstatic.com/faviconV2?url=https://www.istockphoto.com&client=IMAGE_SEARCH&size=16&type=FAVICON&fallback_opts=TYPE,SIZE,URL",16x16
Desert Landscapes,Desert_Landscapes_30.jpg,"https://encrypted-tbn0.gstatic.com/faviconV2?url=https://anabelsarango.artstation.com&client=IMAGE_SEARCH&size=16&type=FAVICON&fallback_opts=TYPE,SIZE,URL",16x16
Desert Landscapes,Desert_Landscapes_31.jpg,https://encrypted-tbn0.gstatic.com/images?q=tbn:ANd9GcR3gYY2BMwtSodWPM8jPvZ21XuPt21X0Rf2g23YaI_n9t-RS3b21ZOe8nU4&s,74x46
Desert Landscapes,Desert_Landscapes_32.jpg,https://encrypted-tbn0.gstatic.com/images?q=tbn:ANd9GcQo25R00BnKItf09WJa_8UIKrGEw2rEntpKCw&s,300x168
Desert Landscapes,Desert_Landscapes_33.jpg,https://encrypted-tbn0.gstatic.com/images?q=tbn:ANd9GcSWEXpzkVsF2yPx18dpEF8TfqfE27Gn4N57NQ&s,259x194
Desert Landscapes,Desert_Landscapes_34.jpg,https://encrypted-tbn0.gstatic.com/images?q=tbn:ANd9GcQu4VkaiIG3rVHdCqsyZ11IMNNqpafwrqBL3A&s,225x225
Desert Landscapes,Desert_Landscapes_35.jpg,https://encrypted-tbn0.gstatic.com/images?q=tbn:ANd9GcQX8LZltp0SrWdHZbyQx8PHeMYpES2pWppXqT2fHEijqKD0AWYYdbz461iJ&s,69x46
Desert Landscapes,Desert_Landscapes_36.jpg,https://encrypted-tbn0.gstatic.com/images?q=tbn:ANd9GcQBOSyBIb8RFlzcJXVEctn7CYSYIUoIguwV-w&s,296x170
Desert Landscapes,Desert_Landscapes_37.jpg,https://encrypted-tbn0.gstatic.com/images?q=tbn:ANd9GcQpy-p59XteyvOnv_jMPICly-wsDyGLzTtPpA&s,275x183
Desert Landscapes,Desert_Landscapes_38.jpg,https://encrypted-tbn0.gstatic.com/images?q=tbn:ANd9GcRAtJCzoZqn0yiM_a8bH70Ih64kc-lxA-NjBQ&s,275x183
Desert Landscapes,Desert_Landscapes_39.jpg,https://encrypted-tbn0.gstatic.com/images?q=tbn:ANd9GcTrQmMOfkgf9i3ExZibkO-Lyq8eLo55Ce7GTA&s,275x183
Desert Landscapes,Desert_Landscapes_40.jpg,https://encrypted-tbn0.gstatic.com/images?q=tbn:ANd9GcSxSzUcFXIe1zfXk5HjnbI1F6lHCDBs6Nr0Ew&s,259x194
Desert Landscapes,Desert_Landscapes_41.jpg,https://encrypted-tbn0.gstatic.com/images?q=tbn:ANd9GcSnOQA0CWnvqYyviGD4qaIArB7omyHWZF3KVw&s,275x183
Desert Landscapes,Desert_Landscapes_42.jpg,https://encrypted-tbn0.gstatic.com/images?q=tbn:ANd9GcSymrTFJmUaKRNhmKJhpvNvHjYqXjG9Yonzzy_yNZSq_f_y87xBFe8_OuWm&s,69x46
Desert Landscapes,Desert_Landscapes_43.jpg,https://encrypted-tbn0.gstatic.com/images?q=tbn:ANd9GcQAPcQGgXusfEu_7leO3h4oZuUHpNiRxqTNxMhJUccw&s=0,50x50
Desert Landscapes,Desert_Landscapes_44.jpg,https://encrypted-tbn0.gstatic.com/images?q=tbn:ANd9GcTo4xNEX_Ien68nbTRN0p3UK1UV1oCRDLcjpw&s,300x168
Desert Landscapes,Desert_Landscapes_45.jpg,https://encrypted-tbn0.gstatic.com/images?q=tbn:ANd9GcRYdmY8N2DmVsTzgyM4QHMpXhP4xVXLeaxBkl5Vxsi5o4xuvTfsApOvJKtq&s,74x46
Desert Landscapes,Desert_Landscapes_46.jpg,https://encrypted-tbn0.gstatic.com/images?q=tbn:ANd9GcToyN1EP-K74f1gAox6go2zVtvM4xhPQs5wMw&s,275x183
Desert Landscapes,Desert_Landscapes_47.jpg,https://encrypted-tbn0.gstatic.com/images?q=tbn:ANd9GcR-WCjxqoMBXL_pNn2-0nXAPRsmGkVk7p1Lhg&s,297x170
Desert Landscapes,Desert_Landscapes_48.jpg,https://encrypted-tbn0.gstatic.com/images?q=tbn:ANd9GcQZhN4mKKGfQ_yPFb96O6zpIwtLAcKOEiYpe54r0Zx-&s=0,50x50
Desert Landscapes,Desert_Landscapes_49.jpg,"https://encrypted-tbn0.gstatic.com/faviconV2?url=https://www.touropia.com&client=IMAGE_SEARCH&size=16&type=FAVICON&fallback_opts=TYPE,SIZE,URL",16x16
Desert Landscapes,Desert_Landscapes_50.jpg,"https://encrypted-tbn1.gstatic.com/faviconV2?url=https://stock.adobe.com&client=IMAGE_SEARCH&size=16&type=FAVICON&fallback_opts=TYPE,SIZE,URL",16x16
Vintage Typewriters,Vintage_Typewriters_1.jpg,https://encrypted-tbn0.gstatic.com/images?q=tbn:ANd9GcS1iQPi9Y3Dq7YRreq-SFyj_XYmNCSvBC_IVmiYO7VEYFDdSW_cGBB-v7Sp&s,46x49
Vintage Typewriters,Vintage_Typewriters_2.jpg,https://encrypted-tbn0.gstatic.com/images?q=tbn:ANd9GcRLNxLDHPwOLT28iKhHzSmzhuzbpyoI388abw&s,300x168
Vintage Typewriters,Vintage_Typewriters_3.jpg,https://encrypted-tbn0.gstatic.com/images?q=tbn:ANd9GcQ2CUq3iD_GcvwlAFH8JiiWwyGgIAHnQx_okA&s,230x219
Vintage Typewriters,Vintage_Typewriters_4.jpg,https://encrypted-tbn0.gstatic.com/images?q=tbn:ANd9GcQBjfT6KIxoa60Z_3qYpu-d0PJ0XJbVa_lAnw&s,225x225
Vintage Typewriters,Vintage_Typewriters_5.jpg,https://encrypted-tbn0.gstatic.com/images?q=tbn:ANd9GcSzoM49bngD3wWk-LAVU3I5ZmoYwCx6-3kC1g&s,300x168
Vintage Typewriters,Vintage_Typewriters_6.jpg,https://encrypted-tbn0.gstatic.com/images?q=tbn:ANd9GcRfNPrq3CMZ_mdpKqVqerJ6Y46blKv2tjM0VQ&s,259x194
Vintage Typewriters,Vintage_Typewriters_7.jpg,https://encrypted-tbn0.gstatic.com/images?q=tbn:ANd9GcRWQqx3XgwkuQzx175DC0JMSZyfLJfzBVQimg&s,221x228
Vintage Typewriters,Vintage_Typewriters_8.jpg,https://encrypted-tbn0.gstatic.com/images?q=tbn:ANd9GcQxA1DIyVuQTSf8SbB1CW_y5SBVa2V6Kk_TQg&s,228x221
Vintage Typewriters,Vintage_Typewriters_9.jpg,https://encrypted-tbn0.gstatic.com/images?q=tbn:ANd9GcTsK5_FFgY_NlH9_sG3yiIUGKFZ2NM_lorEDQ&s,300x168
Vintage Typewriters,Vintage_Typewriters_10.jpg,https://encrypted-tbn0.gstatic.com/images?q=tbn:ANd9GcRdltcvWafUqR85A6ZrNmW2RCGBL4Vk6kkEEA&s,194x259
Vintage Typewriters,Vintage_Typewriters_11.jpg,https://encrypted-tbn0.gstatic.com/images?q=tbn:ANd9GcQx1OEb73Y3QbLg7rZSsDZiyaJ2cpl6CtWAyA&s,275x183
Vintage Typewriters,Vintage_Typewriters_12.jpg,https://encrypted-tbn0.gstatic.com/images?q=tbn:ANd9GcRaCD_qWapAnzzUlliudCWFAF4wJfVhaGML4A&s,225x225
Vintage Typewriters,Vintage_Typewriters_13.jpg,https://encrypted-tbn0.gstatic.com/images?q=tbn:ANd9GcQyNe4hSgkXTtmdNo5CNjCBpH9Vcey0IXkwsg&s,259x194
Vintage Typewriters,Vintage_Typewriters_14.jpg,https://encrypted-tbn0.gstatic.com/images?q=tbn:ANd9GcQEwU-_XLqpV94pa76Q6sL147Vu9NG5GfqPCg&s,259x195
Vintage Typewriters,Vintage_Typewriters_16.jpg,https://encrypted-tbn0.gstatic.com/images?q=tbn:ANd9GcQFdODSC4GDngGaCwaCtQAIsBVa8oKLzecr8g&s,275x183
Vintage Typewriters,Vintage_Typewriters_17.jpg,https://encrypted-tbn0.gstatic.com/images?q=tbn:ANd9GcSyiLfMt0CXP2mLPK_zDhrCMrG4u1_TpaAl8Q&s,194x259
Vintage Typewriters,Vintage_Typewriters_18.jpg,https://encrypted-tbn0.gstatic.com/images?q=tbn:ANd9GcTAo970nQpO4z5n97DFc5v2nu4anHbW7wuodA&s,227x222
Vintage Typewriters,Vintage_Typewriters_19.jpg,"https://encrypted-tbn2.gstatic.com/faviconV2?url=https://www.pickpik.com&client=IMAGE_SEARCH&size=16&type=FAVICON&fallback_opts=TYPE,SIZE,URL",16x16
Vintage Typewriters,Vintage_Typewriters_20.jpg,https://encrypted-tbn0.gstatic.com/images?q=tbn:ANd9GcQ6LXxsGRkCRMWr06jRUeaz1D5tACt7PdFNQg&s,275x183
Vintage Typewriters,Vintage_Typewriters_21.jpg,"https://encrypted-tbn1.gstatic.com/faviconV2?url=https://charliefoxtrotvintage.co.uk&client=IMAGE_SEARCH&size=16&type=FAVICON&fallback_opts=TYPE,SIZE,URL",16x12
Vintage Typewriters,Vintage_Typewriters_22.jpg,https://encrypted-tbn0.gstatic.com/images?q=tbn:ANd9GcTM9WIErt3eCmWy54GqZJ28WWgLEsY-LuhYJQ&s,284x177
Vintage Typewriters,Vintage_Typewriters_23.jpg,https://encrypted-tbn0.gstatic.com/images?q=tbn:ANd9GcTmxWKnlJVAO_33yeX0t61Rs4obijjQS9-fBQ&s,248x203
Vintage Typewriters,Vintage_Typewriters_24.jpg,https://encrypted-tbn0.gstatic.com/images?q=tbn:ANd9GcTwIddkbz-Gebo3aEbe_h7RqorsyUfOHGyIjw&s,225x225
Vintage Typewriters,Vintage_Typewriters_25.jpg,https://encrypted-tbn0.gstatic.com/images?q=tbn:ANd9GcSQIZXRsnnjBxTyScllJ_5-9JhhdEht1rs2_g&s,236x213
Vintage Typewriters,Vintage_Typewriters_26.jpg,https://encrypted-tbn0.gstatic.com/images?q=tbn:ANd9GcTU1SkG9d6wGHuh8s0mPjoiEJc4k42PYqizTA&s,225x225
Vintage Typewriters,Vintage_Typewriters_27.jpg,https://encrypted-tbn0.gstatic.com/images?q=tbn:ANd9GcS_xsU0yZjNpCJFKLC1pSbGEdmJRZpaGM5MSw&s,259x194
Vintage Typewriters,Vintage_Typewriters_28.jpg,https://encrypted-tbn0.gstatic.com/images?q=tbn:ANd9GcS66WRACobAB2uj6fqIRnHuKD-_ZkrHl9NXL8qYsbZgqrD4jSgC1Xdh&s=0,50x50
Vintage Typewriters,Vintage_Typewriters_29.jpg,https://encrypted-tbn0.gstatic.com/images?q=tbn:ANd9GcQFbzzb5Dpa4EBoXtMgCBBvHcR_6yeGtZr7lA&s,300x168
Vintage Typewriters,Vintage_Typewriters_30.jpg,https://encrypted-tbn0.gstatic.com/images?q=tbn:ANd9GcQdp_WNusHlMZXyvXbN-cEjr4kj4UBoIsbVh419-bBBudLH41VmRvQWVmdO&s,46x46
Vintage Typewriters,Vintage_Typewriters_31.jpg,https://encrypted-tbn0.gstatic.com/images?q=tbn:ANd9GcQ0p3aZXgrfZjrebPwhFCeihtWhZiemjW5uRNAFORyuP4oNlPi0PK94&s=0,50x50
Vintage Typewriters,Vintage_Typewriters_32.jpg,https://encrypted-tbn0.gstatic.com/images?q=tbn:ANd9GcT-rsYxXf7dzgie1-Wdh8k0bH-yJpz1cokPzg&s,225x225
Vintage Typewriters,Vintage_Typewriters_33.jpg,https://encrypted-tbn0.gstatic.com/images?q=tbn:ANd9GcQeLnipQ_3pxkrd-kl1-n6x8V1RDVpV1voqbg&s,280x180
Vintage Typewriters,Vintage_Typewriters_34.jpg,"https://encrypted-tbn1.gstatic.com/faviconV2?url=https://myoldtypewriter.com&client=IMAGE_SEARCH&size=16&type=FAVICON&fallback_opts=TYPE,SIZE,URL",16x16
Vintage Typewriters,Vintage_Typewriters_35.jpg,https://encrypted-tbn0.gstatic.com/images?q=tbn:ANd9GcSmlP1woNr3b-FnSu9VjlVBBUCUOaq8VZ5kxQeyw_ANA5fHecAe7SDd&s=0,50x50
Vintage Typewriters,Vintage_Typewriters_36.jpg,https://encrypted-tbn0.gstatic.com/images?q=tbn:ANd9GcSpKpCYBNGUJFevjYBdsFbCw-BqnW5Ph2oZhnstHNCUpR57V8Gspuy1Zkv7&s,46x50
Vintage Typewriters,Vintage_Typewriters_37.jpg,https://encrypted-tbn0.gstatic.com/images?q=tbn:ANd9GcR-hjfZx4qy_NQ5JgmqBMxMFCKE3aOQx9ekPA&s,275x183
Vintage Typewriters,Vintage_Typewriters_38.jpg,https://encrypted-tbn0.gstatic.com/images?q=tbn:ANd9GcRWL2UOfY04xPOcaSYQYcQW9yjqhuySG6lNlw&s,225x225
Vintage Typewriters,Vintage_Typewriters_39.jpg,https://encrypted-tbn0.gstatic.com/images?q=tbn:ANd9GcTML3nsfBRgXXeA6jZ7AfOWkqclrXv1uT6nEA&s,258x196
Vintage Typewriters,Vintage_Typewriters_40.jpg,https://encrypted-tbn0.gstatic.com/images?q=tbn:ANd9GcQz31p8L7TJ3mgvludcDyx7l3gEMJPk-Sc4ug&s,194x259
Vintage Typewriters,Vintage_Typewriters_41.jpg,https://encrypted-tbn0.gstatic.com/images?q=tbn:ANd9GcSF1AvFABtU2_hsK_tU5bULQcvzxYjFA3TdouhySUuyBW614hW5gU3npOG8&s,46x46
Vintage Typewriters,Vintage_Typewriters_42.jpg,https://encrypted-tbn0.gstatic.com/images?q=tbn:ANd9GcSLqF4faoRM8bn_4HYYyxlVljvOvolRU4r5tQ&s,234x215
Vintage Typewriters,Vintage_Typewriters_43.jpg,https://encrypted-tbn0.gstatic.com/images?q=tbn:ANd9GcSRutpVZWhscvmq9dsekwd6BfUmnXHxTo4Cfg&s,259x194
Vintage Typewriters,Vintage_Typewriters_44.jpg,https://encrypted-tbn0.gstatic.com/images?q=tbn:ANd9GcS2umvMc2KVTeWi_lcxKQdxeKs6imyBkW4NXctn93HuqM2UsjseS0ws7Et5&s,54x46
Vintage Typewriters,Vintage_Typewriters_45.jpg,https://encrypted-tbn0.gstatic.com/images?q=tbn:ANd9GcSddW1LYo3bGrwp5taDvpcoD5nz2sEDUjbfag&s,183x275
Vintage Typewriters,Vintage_Typewriters_46.jpg,https://encrypted-tbn0.gstatic.com/images?q=tbn:ANd9GcS70R71Uog_miO1eyHs8v78YLF3key3SFFijQ&s,225x225
Vintage Typewriters,Vintage_Typewriters_47.jpg,https://encrypted-tbn0.gstatic.com/images?q=tbn:ANd9GcSjbl2NYFaBxHx7xhPQ2ISsDo0tStds43zX7Q&s,260x194
Vintage Typewriters,Vintage_Typewriters_48.jpg,"https://encrypted-tbn2.gstatic.com/faviconV2?url=https://www.nextavenue.org&client=IMAGE_SEARCH&size=16&type=FAVICON&fallback_opts=TYPE,SIZE,URL",16x16
Vintage Typewriters,Vintage_Typewriters_49.jpg,https://encrypted-tbn0.gstatic.com/images?q=tbn:ANd9GcQJlGW1UyFOV8zWJY7pJsb2mDpluD7yI0Ct9g&s,275x183
Vintage Typewriters,Vintage_Typewriters_50.jpg,https://encrypted-tbn0.gstatic.com/images?q=tbn:ANd9GcS0A8kjjNpy-mffiNZKwqBcUNOLWCpa-1PNniyNGW56d6oPmHYG8BTIbvqr&s,55x46
Aurora Borealis,Aurora_Borealis_1.jpg,https://encrypted-tbn0.gstatic.com/images?q=tbn:ANd9GcTLXNIGqFW2K-3ZP3_1QWRALUZAQKK9zYs3hg&s,275x183
Aurora Borealis,Aurora_Borealis_2.jpg,https://encrypted-tbn0.gstatic.com/images?q=tbn:ANd9GcTBqxwcfUs7bboG1KKd8gZQNah51NEvfg0imA&s,275x183
Aurora Borealis,Aurora_Borealis_3.jpg,"https://encrypted-tbn0.gstatic.com/faviconV2?url=https://www.glacierheli.is&client=IMAGE_SEARCH&size=16&type=FAVICON&fallback_opts=TYPE,SIZE,URL",16x16
Aurora Borealis,Aurora_Borealis_4.jpg,https://encrypted-tbn0.gstatic.com/images?q=tbn:ANd9GcSJRRuzEE9vPZgmypSU6DG89gQ6_ogZsVwSXw&s,275x183
Aurora Borealis,Aurora_Borealis_5.jpg,https://encrypted-tbn0.gstatic.com/images?q=tbn:ANd9GcROkl-jR4stz-UPZ4lXKPO3C3yzhjnxNwCppA&s,290x174
Aurora Borealis,Aurora_Borealis_6.jpg,https://encrypted-tbn0.gstatic.com/images?q=tbn:ANd9GcQwbXZHvIW1IV6lIhCGLdpDDwHOj0kIJttSuQ&s,275x183
Aurora Borealis,Aurora_Borealis_7.jpg,"https://encrypted-tbn0.gstatic.com/faviconV2?url=https://www.alaskatravel.com&client=IMAGE_SEARCH&size=16&type=FAVICON&fallback_opts=TYPE,SIZE,URL",16x16
Aurora Borealis,Aurora_Borealis_8.jpg,https://encrypted-tbn0.gstatic.com/images?q=tbn:ANd9GcRLtapS9c4G7gKy3BKSevusu8MWHlwmzhWOCQ&s,275x183
Aurora Borealis,Aurora_Borealis_9.jpg,https://encrypted-tbn0.gstatic.com/images?q=tbn:ANd9GcRKwjgjRjAsIR1YAJMslwbD85bw9BctphIa4nfWlyc3&s=0,50x50
Aurora Borealis,Aurora_Borealis_10.jpg,https://encrypted-tbn0.gstatic.com/images?q=tbn:ANd9GcQ76O6u28PxbTypE9c0xPWAEyAwCt70vNcjNH7h0ZLqCasCtxZQfJfvccis&s,82x46
Aurora Borealis,Aurora_Borealis_11.jpg,"https://encrypted-tbn3.gstatic.com/faviconV2?url=https://www.cntraveller.in&client=IMAGE_SEARCH&size=16&type=FAVICON&fallback_opts=TYPE,SIZE,URL",16x16
Aurora Borealis,Aurora_Borealis_12.jpg,https://encrypted-tbn0.gstatic.com/images?q=tbn:ANd9GcS_CfCXvZserMb49GmBUxeMFqeaRC-556pBQg&s,194x259
Aurora Borealis,Aurora_Borealis_13.jpg,https://encrypted-tbn0.gstatic.com/images?q=tbn:ANd9GcR_LUXfj0diWbWIYjhPsuvkTbfz0MmdtzJNCg&s,284x177
Aurora Borealis,Aurora_Borealis_14.jpg,https://encrypted-tbn0.gstatic.com/images?q=tbn:ANd9GcQm3cEeVgXaYrbR35YkH64WY9rnnB8E7AWuZA&s,183x275
Aurora Borealis,Aurora_Borealis_15.jpg,https://encrypted-tbn0.gstatic.com/images?q=tbn:ANd9GcTfnYgG2J9GKZDI7frbxFzRK_vxjQCaKokXqw&s,293x172
Aurora Borealis,Aurora_Borealis_16.jpg,https://encrypted-tbn0.gstatic.com/images?q=tbn:ANd9GcRGZtFLUDEIL4rHGJG2GUUqvnlQ-lA7TvU9RvRxKxJAZcbLoV9zcmkANZjE&s,61x46
Aurora Borealis,Aurora_Borealis_18.jpg,https://encrypted-tbn0.gstatic.com/images?q=tbn:ANd9GcQY7k-sl8Ac06yHeAD-mPO46LXrrOq1TFqEsx5UnKBDW759xR2zVTEOh8nK&s,69x46
Aurora Borealis,Aurora_Borealis_19.jpg,https://encrypted-tbn0.gstatic.com/images?q=tbn:ANd9GcT-XEB5SQK7pcJZyi_HGBT101tkfEIa4V-NvA&s,300x168
Aurora Borealis,Aurora_Borealis_20.jpg,https://encrypted-tbn0.gstatic.com/images?q=tbn:ANd9GcS_5T65r_jCmt4WD4aSom4eTBMrBF3-WWkcXpEbRkOqrQ6HidRP4LcW&s=0,50x50
Aurora Borealis,Aurora_Borealis_21.jpg,https://encrypted-tbn0.gstatic.com/images?q=tbn:ANd9GcR4cueK4ISu1Kr96nYQslk5ZCuyuResyfnoTw&s,275x183
Aurora Borealis,Aurora_Borealis_22.jpg,https://encrypted-tbn0.gstatic.com/images?q=tbn:ANd9GcSDilRAY5AKurYAXDfnxlQcWeK-HeVKj2XQUt-tqwYYITFu6Xvi3Lmq-WQi&s,65x46
Aurora Borealis,Aurora_Borealis_23.jpg,https://encrypted-tbn0.gstatic.com/images?q=tbn:ANd9GcQPhYo52Hhnk9eiD1rlltU5R9Y_02IboGhwoA&s,299x168
Aurora Borealis,Aurora_Borealis_24.jpg,"https://encrypted-tbn1.gstatic.com/faviconV2?url=https://www.instagram.com&client=IMAGE_SEARCH&size=16&type=FAVICON&fallback_opts=TYPE,SIZE,URL",16x16
Aurora Borealis,Aurora_Borealis_25.jpg,https://encrypted-tbn0.gstatic.com/images?q=tbn:ANd9GcQNcAjlbHi9vuqH7Znhbh7j0UiMggFudo8ZldZ0ri5ty6eeBdRCNbMr4_fl&s,69x46
Aurora Borealis,Aurora_Borealis_26.jpg,https://encrypted-tbn0.gstatic.com/images?q=tbn:ANd9GcS9gXpyKvSYnocaZ1smbt3W3BcUTfxY63Fxlw&s,275x183
Aurora Borealis,Aurora_Borealis_27.jpg,"https://encrypted-tbn2.gstatic.com/faviconV2?url=https://www.istockphoto.com&client=IMAGE_SEARCH&size=16&type=FAVICON&fallback_opts=TYPE,SIZE,URL",16x16
Aurora Borealis,Aurora_Borealis_28.jpg,https://encrypted-tbn0.gstatic.com/images?q=tbn:ANd9GcTsK7dpAOdljdr0bf7uVfL7OvFt8Ot3yv-ehQ&s,194x259
Aurora Borealis,Aurora_Borealis_29.jpg,https://encrypted-tbn0.gstatic.com/images?q=tbn:ANd9GcSqGBUKY9-z02LzAgoRYhf0-zeY3YfJ9mcCKw&s,300x168
Aurora Borealis,Aurora_Borealis_30.jpg,"https://encrypted-tbn1.gstatic.com/faviconV2?url=https://www.nordicvisitor.com&client=IMAGE_SEARCH&size=16&type=FAVICON&fallback_opts=TYPE,SIZE,URL",16x16
Aurora Borealis,Aurora_Borealis_31.jpg,https://encrypted-tbn0.gstatic.com/images?q=tbn:ANd9GcTvKaHLXCUukCP-HsgkCbke4bSTnd_tW2jnoA&s,215x235
Aurora Borealis,Aurora_Borealis_32.jpg,https://encrypted-tbn0.gstatic.com/images?q=tbn:ANd9GcRCKuziVsIFbA2VcLXk-qDzVlcY25ZgtwOnYeqP9jbj&s=0,50x50
Aurora Borealis,Aurora_Borealis_33.jpg,https://encrypted-tbn0.gstatic.com/images?q=tbn:ANd9GcQXyNIj8Ojgastv-ztzl8ug_Ntt02cqthJ_2g&s,300x168
Aurora Borealis,Aurora_Borealis_34.jpg,https://encrypted-tbn0.gstatic.com/images?q=tbn:ANd9GcQunvjTS-75Ps_d9lLB4OjBP9Gih8NbYWXiLQ&s,300x168
Aurora Borealis,Aurora_Borealis_35.jpg,https://encrypted-tbn0.gstatic.com/images?q=tbn:ANd9GcRHyOwtzUiNSTOd0n6miNhCfhqJOBTpXlGJBw&s,283x178
Aurora Borealis,Aurora_Borealis_36.jpg,"https://encrypted-tbn1.gstatic.com/faviconV2?url=https://www.freepik.com&client=IMAGE_SEARCH&size=16&type=FAVICON&fallback_opts=TYPE,SIZE,URL",16x16
Aurora Borealis,Aurora_Borealis_37.jpg,https://encrypted-tbn0.gstatic.com/images?q=tbn:ANd9GcTM5AsRX7w0VTE836zeQaZX5mCy6Zdq-J29VQ&s,225x225
Aurora Borealis,Aurora_Borealis_38.jpg,https://encrypted-tbn0.gstatic.com/images?q=tbn:ANd9GcTv3RDRYr-gajnHW33ZoXsa3FvGeMyimaXq0MdL4hQvKcOkSpNFfZVoza0l&s,74x46
Aurora Borealis,Aurora_Borealis_39.jpg,https://encrypted-tbn0.gstatic.com/images?q=tbn:ANd9GcSsNO-8vrtEbIvNenWvrVbcwbXvkndZIuoSrg&s,275x183
Aurora Borealis,Aurora_Borealis_40.jpg,https://encrypted-tbn0.gstatic.com/images?q=tbn:ANd9GcSw-ocZ9zCwCjUBZSREBaTAGnn6Z6NRHZg1dg&s,168x299
Aurora Borealis,Aurora_Borealis_41.jpg,https://encrypted-tbn0.gstatic.com/images?q=tbn:ANd9GcTPpnNe5Tha9oDbyvDf26rGdNRa0SXDwmwpDg&s,251x201
Aurora Borealis,Aurora_Borealis_42.jpg,https://encrypted-tbn0.gstatic.com/images?q=tbn:ANd9GcSFYBQto_MVk0cPktQDiNDLL4OhcsjA_50X9g&s,259x194
Aurora Borealis,Aurora_Borealis_43.jpg,https://encrypted-tbn0.gstatic.com/images?q=tbn:ANd9GcTCchID5GcoKLyvA4FqQkao5V4lgfGnaMhBbw&s,300x168
Aurora Borealis,Aurora_Borealis_44.jpg,https://encrypted-tbn0.gstatic.com/images?q=tbn:ANd9GcSFt3wFx3kyBbPCixL-gTbiy0aPaa7VE4ACVw&s,275x183
Aurora Borealis,Aurora_Borealis_45.jpg,https://encrypted-tbn0.gstatic.com/images?q=tbn:ANd9GcRc87fosZerJiCluT1DaR9WJTgGj3Tf5J4IXw&s,275x183
Aurora Borealis,Aurora_Borealis_46.jpg,https://encrypted-tbn0.gstatic.com/images?q=tbn:ANd9GcTN52SOg4W48bq76l3U-lM8lyqm_HwpzXF8Tw&s,350x144
Aurora Borealis,Aurora_Borealis_47.jpg,https://encrypted-tbn0.gstatic.com/images?q=tbn:ANd9GcSWZEWmIG7USR6KHTpWip0ZDYqGTWRkKbq4wA&s,275x183
Aurora Borealis,Aurora_Borealis_48.jpg,https://encrypted-tbn0.gstatic.com/images?q=tbn:ANd9GcT-Xf3hTKhXhCsVVQqfFM9oYxN_nAKKTzdXdg&s,275x183
Aurora Borealis,Aurora_Borealis_49.jpg,https://encrypted-tbn0.gstatic.com/images?q=tbn:ANd9GcTKoZDSGU6BbdjHj1hreOtxkZl3qO0uXSwSvw&s,225x225
Aurora Borealis,Aurora_Borealis_50.jpg,https://encrypted-tbn0.gstatic.com/images?q=tbn:ANd9GcRAVeWtLWeHs-ocfnFfH8dovcuyGv0yI-9gFw&s,275x183
Steampunk Gadgets,Steampunk_Gadgets_1.jpg,https://encrypted-tbn0.gstatic.com/images?q=tbn:ANd9GcR5UJgfSFpVJZJe_CFIsKvGXaJGWXQ3Zn4_Dw&s,183x275
Steampunk Gadgets,Steampunk_Gadgets_2.jpg,https://encrypted-tbn0.gstatic.com/images?q=tbn:ANd9GcRMsJsYdfuPw8LQB3IzsqIcSyhoNBML8cPCIA&s,225x225
Steampunk Gadgets,Steampunk_Gadgets_3.jpg,https://encrypted-tbn0.gstatic.com/images?q=tbn:ANd9GcS6v-Nl4GYw-GtavcLiaxiSg1l5XBjRgL9VQA&s,225x225
Steampunk Gadgets,Steampunk_Gadgets_4.jpg,https://encrypted-tbn0.gstatic.com/images?q=tbn:ANd9GcSHrjZOHnPMoWO3vHXtD8gZMTU7-D9L2zfqHg&s,251x201
Steampunk Gadgets,Steampunk_Gadgets_5.jpg,https://encrypted-tbn0.gstatic.com/images?q=tbn:ANd9GcTwUf6xvJVzSHBQQHRsj2j4uBUHYDzCl4Bk1Q&s,177x284
Steampunk Gadgets,Steampunk_Gadgets_6.jpg,https://encrypted-tbn0.gstatic.com/images?q=tbn:ANd9GcRflbtyVP9zCHe0Mp_wGl2Oe1GziEV_kdfeMg&s,260x194
Steampunk Gadgets,Steampunk_Gadgets_7.jpg,https://encrypted-tbn0.gstatic.com/images?q=tbn:ANd9GcQTkjVLgJCtoWWZIHrLBxIrmDuZm8JhhLrwTmk4f2RxXms6WnC-pFFv&s=0,50x50
Steampunk Gadgets,Steampunk_Gadgets_8.jpg,https://encrypted-tbn0.gstatic.com/images?q=tbn:ANd9GcSiFpYEkA1gQqiGytyXvF-6SXY7ScM9xRbbCOXe7kTJbBYHW-KWowt2JE8v&s,46x69
Steampunk Gadgets,Steampunk_Gadgets_9.jpg,https://encrypted-tbn0.gstatic.com/images?q=tbn:ANd9GcTWpmqu2_zM0WvfHfFajvtxZmVLcYcXsB9H_g&s,225x225
Steampunk Gadgets,Steampunk_Gadgets_10.jpg,https://encrypted-tbn0.gstatic.com/images?q=tbn:ANd9GcSp0suLqwVuJwhdkGNTLadox8a3CsHq3VIPIg&s,194x259
Steampunk Gadgets,Steampunk_Gadgets_11.jpg,https://encrypted-tbn0.gstatic.com/images?q=tbn:ANd9GcQCLdT4_BV_2jllD9qMlrFzqj2InaAIPM1jqPTUrUWp5-VS0Xp6M5oRfKi7&s,46x46
Steampunk Gadgets,Steampunk_Gadgets_12.jpg,https://encrypted-tbn0.gstatic.com/images?q=tbn:ANd9GcT64Niu73cHnxwMEuH35jGoiLapAL2jD8zmVd1EC3QCx-9SQEE-t3a74iJv&s,46x63
Steampunk Gadgets,Steampunk_Gadgets_14.jpg,https://encrypted-tbn0.gstatic.com/images?q=tbn:ANd9GcSRNo-8xdV12Yf0IUB3iL7tsLiNaBQMOLYZPw&s,158x319
Steampunk Gadgets,Steampunk_Gadgets_15.jpg,https://encrypted-tbn0.gstatic.com/images?q=tbn:ANd9GcRuSXzccc9DSLjF2bCMOLGbsojxrUmKaPIPeg&s,262x192
Steampunk Gadgets,Steampunk_Gadgets_16.jpg,https://encrypted-tbn0.gstatic.com/images?q=tbn:ANd9GcSGYbzheW36U6_MygfVA1YkOX3XdyObePT9FQ&s,358x141
Steampunk Gadgets,Steampunk_Gadgets_18.jpg,https://encrypted-tbn0.gstatic.com/images?q=tbn:ANd9GcTvEO36XuQszgEHMJJbQZC2dMkIz_5yWurJKg&s,242x208
Steampunk Gadgets,Steampunk_Gadgets_19.jpg,https://encrypted-tbn0.gstatic.com/images?q=tbn:ANd9GcQpAJjEeqybnkgTX-gM43PtPCnZkInFXz4TTA&s,251x201
Steampunk Gadgets,Steampunk_Gadgets_20.jpg,https://encrypted-tbn0.gstatic.com/images?q=tbn:ANd9GcTTfGC8Z8ed17tnkAuHoI1HQJnCOY89Q86RxQ&s,54x400
Steampunk Gadgets,Steampunk_Gadgets_21.jpg,https://encrypted-tbn0.gstatic.com/images?q=tbn:ANd9GcSBLHGvTCuyemJlIPT6Jv7pKR9YLCUA9CtC-w&s,304x166
Steampunk Gadgets,Steampunk_Gadgets_22.jpg,https://encrypted-tbn0.gstatic.com/images?q=tbn:ANd9GcTu_JLsXe0ZO2v6qj-u3YSHzG6sMdsZDVNpLA&s,225x225
Steampunk Gadgets,Steampunk_Gadgets_23.jpg,https://encrypted-tbn0.gstatic.com/images?q=tbn:ANd9GcQ3gRiqggj5TsXxSt2zSu32t9SlgPGylia9aIEXRAHKkq1dpurHFshddewv&s,46x46
Steampunk Gadgets,Steampunk_Gadgets_24.jpg,https://encrypted-tbn0.gstatic.com/images?q=tbn:ANd9GcSyyLC0G6pWmwh1avJuT0LXuY3XDwT97Pq9gQ&s,218x231
Steampunk Gadgets,Steampunk_Gadgets_25.jpg,https://encrypted-tbn0.gstatic.com/images?q=tbn:ANd9GcTCUkHG7bJAc9WBTpf5PfnPQO2Ve_qYAwaFJA&s,300x168
Steampunk Gadgets,Steampunk_Gadgets_26.jpg,https://encrypted-tbn0.gstatic.com/images?q=tbn:ANd9GcSO1a88mCyCnZ5pZLckk_i7fWgxvco435IylQ&s,225x225
Steampunk Gadgets,Steampunk_Gadgets_27.jpg,https://encrypted-tbn0.gstatic.com/images?q=tbn:ANd9GcRK3_aGvzV9_0ZxDDGhixFecJ98Vn5-cXZQrQ&s,361x140
Steampunk Gadgets,Steampunk_Gadgets_28.jpg,https://encrypted-tbn0.gstatic.com/images?q=tbn:ANd9GcQIEG6AVoqkVR5JKWOAK2AJNnACPb47cIia2g&s,275x183
Steampunk Gadgets,Steampunk_Gadgets_29.jpg,https://encrypted-tbn0.gstatic.com/images?q=tbn:ANd9GcR8WLWx1qYo6Cd7PC4Jb5-f_-2Hyu_6miIv7g&s,225x225
Steampunk Gadgets,Steampunk_Gadgets_30.jpg,https://encrypted-tbn0.gstatic.com/images?q=tbn:ANd9GcSe6k-MzwapbLEzFmkB3P042FXIZFs5O_bjqHtJvugMOU2SaByYz07yzd7H&s,69x46
Steampunk Gadgets,Steampunk_Gadgets_31.jpg,https://encrypted-tbn0.gstatic.com/images?q=tbn:ANd9GcQGBMtpmYEDF0i7CeUvIxLgORy0hTka-mPrf93a2sW8pFc3NiNbiBGXmnHc&s,46x46
Steampunk Gadgets,Steampunk_Gadgets_32.jpg,https://encrypted-tbn0.gstatic.com/images?q=tbn:ANd9GcRAIvIy8pivvQpcqUJrnTTid4U3-CvGpvZirnPCZf_7w7S24D3x7xQ8&s=0,50x50
Steampunk Gadgets,Steampunk_Gadgets_33.jpg,https://encrypted-tbn0.gstatic.com/images?q=tbn:ANd9GcQjYPnQtDhZYrKx4xMWIS9UPuFfpnuzdFdhLA&s,259x194
Steampunk Gadgets,Steampunk_Gadgets_34.jpg,"https://encrypted-tbn1.gstatic.com/faviconV2?url=https://www.freepik.com&client=IMAGE_SEARCH&size=16&type=FAVICON&fallback_opts=TYPE,SIZE,URL",16x16
Steampunk Gadgets,Steampunk_Gadgets_35.jpg,https://encrypted-tbn0.gstatic.com/images?q=tbn:ANd9GcRk8OKgN2mTThRCaXWKM3S5sOwznxDsIF1HHg&s,251x201
Steampunk Gadgets,Steampunk_Gadgets_36.jpg,https://encrypted-tbn0.gstatic.com/images?q=tbn:ANd9GcRTSgQn1i4Vj6qWEtsJuAslkU5caod2I71YtA&s,225x225
Steampunk Gadgets,Steampunk_Gadgets_37.jpg,https://encrypted-tbn0.gstatic.com/images?q=tbn:ANd9GcQVGO-3geD_5rmuGihKwLOkOj6xWu06sLb96g&s,194x259
Steampunk Gadgets,Steampunk_Gadgets_38.jpg,https://encrypted-tbn0.gstatic.com/images?q=tbn:ANd9GcRkSQe-3vGr9U9hgc6hrnXFxEJbX9Uzz3-KCA&s,194x259
Steampunk Gadgets,Steampunk_Gadgets_39.jpg,"https://encrypted-tbn0.gstatic.com/faviconV2?url=https://www.stuff.tv&client=IMAGE_SEARCH&size=16&type=FAVICON&fallback_opts=TYPE,SIZE,URL",16x16
Steampunk Gadgets,Steampunk_Gadgets_40.jpg,https://encrypted-tbn0.gstatic.com/images?q=tbn:ANd9GcRjV4_jpahCIltgTu5O68WFFemc-6A-FEx3Vg&s,259x194
Steampunk Gadgets,Steampunk_Gadgets_41.jpg,https://encrypted-tbn0.gstatic.com/images?q=tbn:ANd9GcR7fTcudcUATZwkNBvBpfyy5MLNtsNARFgXEVMAXjCN1SQuk6Y_jNh2&s=0,50x50
Steampunk Gadgets,Steampunk_Gadgets_42.jpg,https://encrypted-tbn0.gstatic.com/images?q=tbn:ANd9GcQHSsKBWr7DWa7TxoMrU457BWuNw-5VLHR3QyDuU-_ivH97BaPHm50U&s=0,50x50
Steampunk Gadgets,Steampunk_Gadgets_43.jpg,"https://encrypted-tbn0.gstatic.com/faviconV2?url=https://my-steampunk-style.com&client=IMAGE_SEARCH&size=16&type=FAVICON&fallback_opts=TYPE,SIZE,URL",16x16
Steampunk Gadgets,Steampunk_Gadgets_44.jpg,https://encrypted-tbn0.gstatic.com/images?q=tbn:ANd9GcRuspeQ1WqupQJGN0pDjfZhEgPRyDom-DmjPQ&s,224x224
Steampunk Gadgets,Steampunk_Gadgets_45.jpg,https://encrypted-tbn0.gstatic.com/images?q=tbn:ANd9GcRDA_X-YpVPZfgf09hYAHvlqm4cdxNk7-n89Q&s,176x286
Steampunk Gadgets,Steampunk_Gadgets_46.jpg,https://encrypted-tbn0.gstatic.com/images?q=tbn:ANd9GcR7z7WwuyomcpEHQjHs9U24kFrnkABiXz7k8Q&s,225x225
Steampunk Gadgets,Steampunk_Gadgets_47.jpg,https://encrypted-tbn0.gstatic.com/images?q=tbn:ANd9GcRxb-D9rZeVr8LeK0qRcOl2jWENjbfW1V4bUg&s,259x194
Steampunk Gadgets,Steampunk_Gadgets_48.jpg,https://encrypted-tbn0.gstatic.com/images?q=tbn:ANd9GcS3fvL29-cR_fUMfWtROaVPSbZtZgMEupexcw&s,243x208
Steampunk Gadgets,Steampunk_Gadgets_49.jpg,https://encrypted-tbn0.gstatic.com/images?q=tbn:ANd9GcTRUpboMDCLb3GOO4UOf6VboX3D3FNo0Y0lRQ&s,275x183
Steampunk Gadgets,Steampunk_Gadgets_50.jpg,https://encrypted-tbn0.gstatic.com/images?q=tbn:ANd9GcSU3nAQmwHCJ5XDM9W5yZmhuF766Yy-lJ5DZv0OjhXnW3KV2czXhDsUw7wL&s,46x46
Zen Gardens,Zen_Gardens_1.jpg,https://encrypted-tbn0.gstatic.com/images?q=tbn:ANd9GcQpFAox6WA9tEVdyMgPSG6wQ_IddB5aB9cLKT9WGl4AIU81GggDT5hTU88P&s,46x47
Zen Gardens,Zen_Gardens_2.jpg,"https://encrypted-tbn3.gstatic.com/faviconV2?url=https://www.triptojapan.com&client=IMAGE_SEARCH&size=16&type=FAVICON&fallback_opts=TYPE,SIZE,URL",16x16
Zen Gardens,Zen_Gardens_3.jpg,https://encrypted-tbn0.gstatic.com/images?q=tbn:ANd9GcTgsNp-YN8kxeHybPrPArjrXobGn_7EwiYmbQ&s,275x183
Zen Gardens,Zen_Gardens_4.jpg,https://encrypted-tbn0.gstatic.com/images?q=tbn:ANd9GcRgsynusqAJATFkp2xJNH0yFqvpavKV3viINw&s,159x317
Zen Gardens,Zen_Gardens_5.jpg,"https://encrypted-tbn0.gstatic.com/faviconV2?url=https://www.moneycontrol.com&client=IMAGE_SEARCH&size=16&type=FAVICON&fallback_opts=TYPE,SIZE,URL",16x16
Zen Gardens,Zen_Gardens_6.jpg,"https://encrypted-tbn3.gstatic.com/faviconV2?url=https://surfacesreporter.com&client=IMAGE_SEARCH&size=16&type=FAVICON&fallback_opts=TYPE,SIZE,URL",16x16
Zen Gardens,Zen_Gardens_7.jpg,https://encrypted-tbn0.gstatic.com/images?q=tbn:ANd9GcR3Ysaxnqwjjw4oYLsK4wPS3iQWs11d1IEmdw&s,275x183
Zen Gardens,Zen_Gardens_8.jpg,https://encrypted-tbn0.gstatic.com/images?q=tbn:ANd9GcTrIT9kpifixj_e89gWvFyHD2tnASD_NeLiSTFD6JHYVVWV8Ot_DJjiNg70&s,69x46
Zen Gardens,Zen_Gardens_9.jpg,https://encrypted-tbn0.gstatic.com/images?q=tbn:ANd9GcTGg7Bx3HkbPjZ4ursTpDEKPh-lmk7VbkGoWw&s,299x168
Zen Gardens,Zen_Gardens_10.jpg,"https://encrypted-tbn3.gstatic.com/faviconV2?url=https://www.planetnatural.com&client=IMAGE_SEARCH&size=16&type=FAVICON&fallback_opts=TYPE,SIZE,URL",16x16
Zen Gardens,Zen_Gardens_11.jpg,https://encrypted-tbn0.gstatic.com/images?q=tbn:ANd9GcSJcgCF5oW3YeTAXwPtm6KCUqWPL7kcaGvtXPDB-L8hDM0Pk0b9EVM_eWnH&s,82x46
Zen Gardens,Zen_Gardens_12.jpg,https://encrypted-tbn0.gstatic.com/images?q=tbn:ANd9GcTq9BZ0GqSNUvkmDcnqkOI2TAZUTahW3vEGAw&s,300x168
Zen Gardens,Zen_Gardens_13.jpg,https://encrypted-tbn0.gstatic.com/images?q=tbn:ANd9GcS-5F-QAc_fLmAuP_IdNc1rlyF9stVa7HowLZ0xrr-89Rfd5YPbQCDTt9ST&s,61x46
Zen Gardens,Zen_Gardens_14.jpg,https://encrypted-tbn0.gstatic.com/images?q=tbn:ANd9GcTaosHVUs8x1iUv6G3ZkejpOMBnJaG8W_oo-w&s,275x183
Zen Gardens,Zen_Gardens_15.jpg,https://encrypted-tbn0.gstatic.com/images?q=tbn:ANd9GcQG6uDZmDboA39SDZKNUAToM7pXzLZCeoYDrg&s,300x168
Zen Gardens,Zen_Gardens_16.jpg,https://encrypted-tbn0.gstatic.com/images?q=tbn:ANd9GcSOVLUMGYZk3fvQiYdN9URNUL2R-WRvNi8KzA&s,275x183
Zen Gardens,Zen_Gardens_18.jpg,https://encrypted-tbn0.gstatic.com/images?q=tbn:ANd9GcTSk-24MfvXmoEOKeJ7FlEPhGSCQMhVtAxuTce8HVQXcEE0DQSfHl5wHoVb&s,46x57
Zen Gardens,Zen_Gardens_19.jpg,https://encrypted-tbn0.gstatic.com/images?q=tbn:ANd9GcTRUMi7wpHHmwQ_YNZh9rkJPtoCXxTOCUFDuw&s,276x183
Zen Gardens,Zen_Gardens_20.jpg,https://encrypted-tbn0.gstatic.com/images?q=tbn:ANd9GcR4FzovaVSsCXz3vsR8DeHLY3BLaqTCcaMjrw&s,275x183
Zen Gardens,Zen_Gardens_21.jpg,https://encrypted-tbn0.gstatic.com/images?q=tbn:ANd9GcSqzzoJ881yAmCnmtsprNjdbd8RQ0T2v98Z_w&s,221x228
Zen Gardens,Zen_Gardens_22.jpg,https://encrypted-tbn0.gstatic.com/images?q=tbn:ANd9GcRekqDDrRdA_Gm1izCjEI45-WaYTSZlaYpfig&s,194x259
Zen Gardens,Zen_Gardens_23.jpg,https://encrypted-tbn0.gstatic.com/images?q=tbn:ANd9GcStEp7uCZJz5cvU8VpXqHs3Pmw7QZfCm20ECg&s,246x205
Zen Gardens,Zen_Gardens_24.jpg,https://encrypted-tbn0.gstatic.com/images?q=tbn:ANd9GcQJZ4l7mGfhkyTlKcMeIS6bWUq62POyHt0E5g&s,183x275
Zen Gardens,Zen_Gardens_25.jpg,https://encrypted-tbn0.gstatic.com/images?q=tbn:ANd9GcSC6kCy1NOdjrkvwr5iCgvyqmKYEf6J-nzeMg&s,259x194
Zen Gardens,Zen_Gardens_26.jpg,https://encrypted-tbn0.gstatic.com/images?q=tbn:ANd9GcQja-xt2qU2XUUaKst2ImO8Jj7drrdeqNGYwS-HeAa3fkNaFCJhPI6H&s=0,50x50
Zen Gardens,Zen_Gardens_27.jpg,"https://encrypted-tbn3.gstatic.com/faviconV2?url=https://amazingarchitecture.com&client=IMAGE_SEARCH&size=16&type=FAVICON&fallback_opts=TYPE,SIZE,URL",16x16
Zen Gardens,Zen_Gardens_28.jpg,"https://encrypted-tbn0.gstatic.com/faviconV2?url=https://stockcake.com&client=IMAGE_SEARCH&size=16&type=FAVICON&fallback_opts=TYPE,SIZE,URL",16x16
Zen Gardens,Zen_Gardens_29.jpg,https://encrypted-tbn0.gstatic.com/images?q=tbn:ANd9GcSmlCawrJbHsBz0d0kLaf1L0FdT8JBZP72rqA&s,259x194
Zen Gardens,Zen_Gardens_30.jpg,https://encrypted-tbn0.gstatic.com/images?q=tbn:ANd9GcQZFES6Zy9mkX5MW5NWx83D4HiRWipsL6CKPA&s,275x183
Zen Gardens,Zen_Gardens_31.jpg,https://encrypted-tbn0.gstatic.com/images?q=tbn:ANd9GcR7pip4DdsMQZMELhYe4venUhcbQXVeHizOdA&s,275x183
Zen Gardens,Zen_Gardens_32.jpg,https://encrypted-tbn0.gstatic.com/images?q=tbn:ANd9GcRVAyVSCFigVX-e2n1zqk6CT8Y3QIOE8sVI4A&s,300x168
Zen Gardens,Zen_Gardens_33.jpg,https://encrypted-tbn0.gstatic.com/images?q=tbn:ANd9GcRKh5s72scL1uYYl31VNzrY7WJ_7uYD5jRszhMTVT6TXczgw-zQSnTi&s=0,50x50
Zen Gardens,Zen_Gardens_34.jpg,https://encrypted-tbn0.gstatic.com/images?q=tbn:ANd9GcRbDnH9LDSmRFuYJRHmsWbW-kJUit6GGjPLzw&s,225x225
Zen Gardens,Zen_Gardens_35.jpg,https://encrypted-tbn0.gstatic.com/images?q=tbn:ANd9GcQ2Yg_m9GXo5HHgC544H70izbyRGAYaKDMiDA&s,272x185
Zen Gardens,Zen_Gardens_36.jpg,https://encrypted-tbn0.gstatic.com/images?q=tbn:ANd9GcQGslKW1fmvh67PsQSNc0j-yndEnVoU4m9gWA&s,209x241
Zen Gardens,Zen_Gardens_37.jpg,https://encrypted-tbn0.gstatic.com/images?q=tbn:ANd9GcQwOYBSk905sgQPkhoFkcCctyrw9HcC2-CZKK0BL2Zi2KBqeJ652Nqk&s=0,50x50
Zen Gardens,Zen_Gardens_38.jpg,https://encrypted-tbn0.gstatic.com/images?q=tbn:ANd9GcShXKDO5TNo5SIGNnoCkFr1F-_HpFRVD5RDMw&s,275x183
Zen Gardens,Zen_Gardens_39.jpg,https://encrypted-tbn0.gstatic.com/images?q=tbn:ANd9GcSJe7zS3jJFxIlUzvbFeCo94mxlgfLS80Zq8A&s,249x202
Zen Gardens,Zen_Gardens_40.jpg,https://encrypted-tbn0.gstatic.com/images?q=tbn:ANd9GcRMVP0Y3OYdfUhPUoGowzrK-66QyT1s614n7Q&s,234x216
Zen Gardens,Zen_Gardens_41.jpg,https://encrypted-tbn0.gstatic.com/images?q=tbn:ANd9GcS6wH9jVq3WlpxAM_D4MRTPgg5pSsPMxGedpg&s,275x183
Zen Gardens,Zen_Gardens_42.jpg,https://encrypted-tbn0.gstatic.com/images?q=tbn:ANd9GcRemuPXAFRkckU1_FqBLGUEeayoHu9XCVJ-sA&s,273x184
Zen Gardens,Zen_Gardens_43.jpg,"https://encrypted-tbn2.gstatic.com/faviconV2?url=https://www.amazon.in&client=IMAGE_SEARCH&size=16&type=FAVICON&fallback_opts=TYPE,SIZE,URL",16x16
Zen Gardens,Zen_Gardens_44.jpg,https://encrypted-tbn0.gstatic.com/images?q=tbn:ANd9GcQm81uNMdiK99WM6zOthqUml2LCgqsEMpzOrg&s,260x194
Zen Gardens,Zen_Gardens_45.jpg,https://encrypted-tbn0.gstatic.com/images?q=tbn:ANd9GcSP7my_KIqaN5-G0RR1r_pHuoHxA4TDgqEVDHJ8NPlO1pQBIxWndrs2gAh_&s,61x46
Zen Gardens,Zen_Gardens_46.jpg,https://encrypted-tbn0.gstatic.com/images?q=tbn:ANd9GcQjr9Y_Lskc-7bbgLZPJNkV3Clh3Urftu6Izg&s,275x183
Zen Gardens,Zen_Gardens_48.jpg,https://encrypted-tbn0.gstatic.com/images?q=tbn:ANd9GcRes3SuHCU8NfHiVCDYt_4bIIlHVGCNC7AUmg&s,194x259
Zen Gardens,Zen_Gardens_49.jpg,https://encrypted-tbn0.gstatic.com/images?q=tbn:ANd9GcTiQyMFUnu7jM2E2jzUtXK9ZZHPMRdHKrbdyQ&s,300x168
Zen Gardens,Zen_Gardens_50.jpg,https://encrypted-tbn0.gstatic.com/images?q=tbn:ANd9GcSya3XvzNZlUHIQ2tWouenT4medLHYXzWgWMg&s,275x183
